PRICE,2023-05-19T03:01:58.920968921Z,"[{'price': '1.07706', 'liquidity': 10000000}]","[{'price': '1.07721', 'liquidity': 10000000}]",1.07706,1.07721,tradeable,True,EUR_USD
PRICE,2023-05-19T03:02:03.330514431Z,"[{'price': '1.07706', 'liquidity': 10000000}]","[{'price': '1.07722', 'liquidity': 10000000}]",1.07706,1.07722,tradeable,True,EUR_USD
PRICE,2023-05-19T03:02:04.898823762Z,"[{'price': '1.07705', 'liquidity': 10000000}]","[{'price': '1.07721', 'liquidity': 10000000}]",1.07705,1.07721,tradeable,True,EUR_USD
PRICE,2023-05-19T03:02:05.669390637Z,"[{'price': '1.07703', 'liquidity': 10000000}]","[{'price': '1.07719', 'liquidity': 10000000}]",1.07703,1.07719,tradeable,True,EUR_USD
PRICE,2023-05-19T03:02:05.886913719Z,"[{'price': '1.07703', 'liquidity': 10000000}]","[{'price': '1.07718', 'liquidity': 10000000}]",1.07703,1.07718,tradeable,True,EUR_USD
PRICE,2023-05-19T03:02:06.536375277Z,"[{'price': '1.07703', 'liquidity': 10000000}]","[{'price': '1.07719', 'liquidity': 10000000}]",1.07703,1.07719,tradeable,True,EUR_USD
PRICE,2023-05-19T03:02:06.589459216Z,"[{'price': '1.07703', 'liquidity': 10000000}]","[{'price': '1.07718', 'liquidity': 10000000}]",1.07703,1.07718,tradeable,True,EUR_USD
PRICE,2023-05-19T03:02:07.283942097Z,"[{'price': '1.07704', 'liquidity': 10000000}]","[{'price': '1.07718', 'liquidity': 10000000}]",1.07704,1.07718,tradeable,True,EUR_USD
PRICE,2023-05-19T03:02:07.346833534Z,"[{'price': '1.07704', 'liquidity': 10000000}]","[{'price': '1.07719', 'liquidity': 10000000}]",1.07704,1.07719,tradeable,True,EUR_USD
PRICE,2023-05-19T03:02:07.758781289Z,"[{'price': '1.07704', 'liquidity': 10000000}]","[{'price': '1.07719', 'liquidity': 10000000}]",1.07704,1.07719,tradeable,True,EUR_USD
PRICE,2023-05-19T03:02:10.775619410Z,"[{'price': '1.07704', 'liquidity': 10000000}]","[{'price': '1.07718', 'liquidity': 10000000}]",1.07704,1.07718,tradeable,True,EUR_USD
PRICE,2023-05-19T03:02:11.370136840Z,"[{'price': '1.07707', 'liquidity': 10000000}]","[{'price': '1.07722', 'liquidity': 10000000}]",1.07707,1.07722,tradeable,True,EUR_USD
PRICE,2023-05-19T03:02:11.953250881Z,"[{'price': '1.07705', 'liquidity': 10000000}]","[{'price': '1.07720', 'liquidity': 10000000}]",1.07705,1.07720,tradeable,True,EUR_USD
PRICE,2023-05-19T03:02:12.212389735Z,"[{'price': '1.07704', 'liquidity': 10000000}]","[{'price': '1.07719', 'liquidity': 10000000}]",1.07704,1.07719,tradeable,True,EUR_USD
PRICE,2023-05-19T03:02:14.991695554Z,"[{'price': '1.07704', 'liquidity': 10000000}]","[{'price': '1.07718', 'liquidity': 10000000}]",1.07704,1.07718,tradeable,True,EUR_USD
PRICE,2023-05-19T03:02:15.255531413Z,"[{'price': '1.07706', 'liquidity': 10000000}]","[{'price': '1.07720', 'liquidity': 10000000}]",1.07706,1.07720,tradeable,True,EUR_USD
PRICE,2023-05-19T03:02:15.933004087Z,"[{'price': '1.07704', 'liquidity': 10000000}]","[{'price': '1.07720', 'liquidity': 10000000}]",1.07704,1.07720,tradeable,True,EUR_USD
PRICE,2023-05-19T03:02:17.160421923Z,"[{'price': '1.07705', 'liquidity': 10000000}]","[{'price': '1.07720', 'liquidity': 10000000}]",1.07705,1.07720,tradeable,True,EUR_USD
PRICE,2023-05-19T03:02:17.489477642Z,"[{'price': '1.07704', 'liquidity': 10000000}]","[{'price': '1.07720', 'liquidity': 10000000}]",1.07704,1.07720,tradeable,True,EUR_USD
PRICE,2023-05-19T03:02:19.133357673Z,"[{'price': '1.07705', 'liquidity': 10000000}]","[{'price': '1.07720', 'liquidity': 10000000}]",1.07705,1.07720,tradeable,True,EUR_USD
PRICE,2023-05-19T03:02:20.408015727Z,"[{'price': '1.07704', 'liquidity': 10000000}]","[{'price': '1.07718', 'liquidity': 10000000}]",1.07704,1.07718,tradeable,True,EUR_USD
PRICE,2023-05-19T03:02:20.610264347Z,"[{'price': '1.07703', 'liquidity': 10000000}]","[{'price': '1.07718', 'liquidity': 10000000}]",1.07703,1.07718,tradeable,True,EUR_USD
PRICE,2023-05-19T03:02:24.305420620Z,"[{'price': '1.07704', 'liquidity': 10000000}]","[{'price': '1.07718', 'liquidity': 10000000}]",1.07704,1.07718,tradeable,True,EUR_USD
PRICE,2023-05-19T03:02:24.520635235Z,"[{'price': '1.07703', 'liquidity': 10000000}]","[{'price': '1.07717', 'liquidity': 10000000}]",1.07703,1.07717,tradeable,True,EUR_USD
PRICE,2023-05-19T03:02:24.698565812Z,"[{'price': '1.07704', 'liquidity': 10000000}]","[{'price': '1.07718', 'liquidity': 10000000}]",1.07704,1.07718,tradeable,True,EUR_USD
PRICE,2023-05-19T03:02:25.007383929Z,"[{'price': '1.07702', 'liquidity': 10000000}]","[{'price': '1.07718', 'liquidity': 10000000}]",1.07702,1.07718,tradeable,True,EUR_USD
PRICE,2023-05-19T03:02:25.612031615Z,"[{'price': '1.07703', 'liquidity': 10000000}]","[{'price': '1.07717', 'liquidity': 10000000}]",1.07703,1.07717,tradeable,True,EUR_USD
PRICE,2023-05-19T03:02:28.072143754Z,"[{'price': '1.07705', 'liquidity': 10000000}]","[{'price': '1.07718', 'liquidity': 10000000}]",1.07705,1.07718,tradeable,True,EUR_USD
PRICE,2023-05-19T03:02:28.423003013Z,"[{'price': '1.07706', 'liquidity': 10000000}]","[{'price': '1.07719', 'liquidity': 10000000}]",1.07706,1.07719,tradeable,True,EUR_USD
PRICE,2023-05-19T03:02:29.456503871Z,"[{'price': '1.07706', 'liquidity': 10000000}]","[{'price': '1.07718', 'liquidity': 10000000}]",1.07706,1.07718,tradeable,True,EUR_USD
PRICE,2023-05-19T03:02:29.690853389Z,"[{'price': '1.07702', 'liquidity': 10000000}]","[{'price': '1.07717', 'liquidity': 10000000}]",1.07702,1.07717,tradeable,True,EUR_USD
PRICE,2023-05-19T03:02:29.848804497Z,"[{'price': '1.07701', 'liquidity': 10000000}]","[{'price': '1.07715', 'liquidity': 10000000}]",1.07701,1.07715,tradeable,True,EUR_USD
PRICE,2023-05-19T03:02:31.786269138Z,"[{'price': '1.07699', 'liquidity': 10000000}]","[{'price': '1.07715', 'liquidity': 10000000}]",1.07699,1.07715,tradeable,True,EUR_USD
PRICE,2023-05-19T03:02:32.005672922Z,"[{'price': '1.07700', 'liquidity': 10000000}]","[{'price': '1.07714', 'liquidity': 10000000}]",1.07700,1.07714,tradeable,True,EUR_USD
PRICE,2023-05-19T03:02:33.718071280Z,"[{'price': '1.07699', 'liquidity': 10000000}]","[{'price': '1.07714', 'liquidity': 10000000}]",1.07699,1.07714,tradeable,True,EUR_USD
PRICE,2023-05-19T03:02:36.815153716Z,"[{'price': '1.07699', 'liquidity': 10000000}]","[{'price': '1.07712', 'liquidity': 10000000}]",1.07699,1.07712,tradeable,True,EUR_USD
PRICE,2023-05-19T03:02:37.574469996Z,"[{'price': '1.07698', 'liquidity': 10000000}]","[{'price': '1.07713', 'liquidity': 10000000}]",1.07698,1.07713,tradeable,True,EUR_USD
PRICE,2023-05-19T03:02:41.374994481Z,"[{'price': '1.07698', 'liquidity': 10000000}]","[{'price': '1.07714', 'liquidity': 10000000}]",1.07698,1.07714,tradeable,True,EUR_USD
PRICE,2023-05-19T03:02:43.175579419Z,"[{'price': '1.07700', 'liquidity': 10000000}]","[{'price': '1.07714', 'liquidity': 10000000}]",1.07700,1.07714,tradeable,True,EUR_USD
PRICE,2023-05-19T03:02:43.255478226Z,"[{'price': '1.07701', 'liquidity': 10000000}]","[{'price': '1.07716', 'liquidity': 10000000}]",1.07701,1.07716,tradeable,True,EUR_USD
PRICE,2023-05-19T03:02:50.866321643Z,"[{'price': '1.07700', 'liquidity': 10000000}]","[{'price': '1.07714', 'liquidity': 10000000}]",1.07700,1.07714,tradeable,True,EUR_USD
PRICE,2023-05-19T03:02:51.287568258Z,"[{'price': '1.07699', 'liquidity': 10000000}]","[{'price': '1.07713', 'liquidity': 10000000}]",1.07699,1.07713,tradeable,True,EUR_USD
PRICE,2023-05-19T03:02:54.917190177Z,"[{'price': '1.07699', 'liquidity': 10000000}]","[{'price': '1.07714', 'liquidity': 10000000}]",1.07699,1.07714,tradeable,True,EUR_USD
PRICE,2023-05-19T03:02:56.608731721Z,"[{'price': '1.07699', 'liquidity': 10000000}]","[{'price': '1.07713', 'liquidity': 10000000}]",1.07699,1.07713,tradeable,True,EUR_USD
PRICE,2023-05-19T03:02:57.851009694Z,"[{'price': '1.07699', 'liquidity': 10000000}]","[{'price': '1.07714', 'liquidity': 10000000}]",1.07699,1.07714,tradeable,True,EUR_USD
PRICE,2023-05-19T03:03:02.556387580Z,"[{'price': '1.07697', 'liquidity': 10000000}]","[{'price': '1.07712', 'liquidity': 10000000}]",1.07697,1.07712,tradeable,True,EUR_USD
PRICE,2023-05-19T03:03:03.004704491Z,"[{'price': '1.07697', 'liquidity': 10000000}]","[{'price': '1.07711', 'liquidity': 10000000}]",1.07697,1.07711,tradeable,True,EUR_USD
PRICE,2023-05-19T03:03:03.187180237Z,"[{'price': '1.07696', 'liquidity': 10000000}]","[{'price': '1.07712', 'liquidity': 10000000}]",1.07696,1.07712,tradeable,True,EUR_USD
PRICE,2023-05-19T03:03:04.297369683Z,"[{'price': '1.07696', 'liquidity': 10000000}]","[{'price': '1.07711', 'liquidity': 10000000}]",1.07696,1.07711,tradeable,True,EUR_USD
PRICE,2023-05-19T03:03:05.425049827Z,"[{'price': '1.07696', 'liquidity': 10000000}]","[{'price': '1.07712', 'liquidity': 10000000}]",1.07696,1.07712,tradeable,True,EUR_USD
PRICE,2023-05-19T03:03:06.090377134Z,"[{'price': '1.07697', 'liquidity': 10000000}]","[{'price': '1.07712', 'liquidity': 10000000}]",1.07697,1.07712,tradeable,True,EUR_USD
PRICE,2023-05-19T03:03:06.264375974Z,"[{'price': '1.07696', 'liquidity': 10000000}]","[{'price': '1.07712', 'liquidity': 10000000}]",1.07696,1.07712,tradeable,True,EUR_USD
PRICE,2023-05-19T03:03:06.418631903Z,"[{'price': '1.07697', 'liquidity': 10000000}]","[{'price': '1.07712', 'liquidity': 10000000}]",1.07697,1.07712,tradeable,True,EUR_USD
PRICE,2023-05-19T03:03:06.815095477Z,"[{'price': '1.07699', 'liquidity': 10000000}]","[{'price': '1.07713', 'liquidity': 10000000}]",1.07699,1.07713,tradeable,True,EUR_USD
PRICE,2023-05-19T03:03:07.054082540Z,"[{'price': '1.07700', 'liquidity': 10000000}]","[{'price': '1.07713', 'liquidity': 10000000}]",1.07700,1.07713,tradeable,True,EUR_USD
PRICE,2023-05-19T03:03:09.526799886Z,"[{'price': '1.07700', 'liquidity': 10000000}]","[{'price': '1.07714', 'liquidity': 10000000}]",1.07700,1.07714,tradeable,True,EUR_USD
PRICE,2023-05-19T03:03:11.776219741Z,"[{'price': '1.07700', 'liquidity': 10000000}]","[{'price': '1.07713', 'liquidity': 10000000}]",1.07700,1.07713,tradeable,True,EUR_USD
PRICE,2023-05-19T03:03:12.200876404Z,"[{'price': '1.07700', 'liquidity': 10000000}]","[{'price': '1.07713', 'liquidity': 10000000}]",1.07700,1.07713,tradeable,True,EUR_USD
PRICE,2023-05-19T03:03:12.283382346Z,"[{'price': '1.07701', 'liquidity': 10000000}]","[{'price': '1.07714', 'liquidity': 10000000}]",1.07701,1.07714,tradeable,True,EUR_USD
PRICE,2023-05-19T03:03:12.511406722Z,"[{'price': '1.07699', 'liquidity': 10000000}]","[{'price': '1.07714', 'liquidity': 10000000}]",1.07699,1.07714,tradeable,True,EUR_USD
PRICE,2023-05-19T03:03:12.916901904Z,"[{'price': '1.07699', 'liquidity': 10000000}]","[{'price': '1.07715', 'liquidity': 10000000}]",1.07699,1.07715,tradeable,True,EUR_USD
PRICE,2023-05-19T03:03:14.249426872Z,"[{'price': '1.07698', 'liquidity': 10000000}]","[{'price': '1.07712', 'liquidity': 10000000}]",1.07698,1.07712,tradeable,True,EUR_USD
PRICE,2023-05-19T03:03:14.380377425Z,"[{'price': '1.07696', 'liquidity': 10000000}]","[{'price': '1.07712', 'liquidity': 10000000}]",1.07696,1.07712,tradeable,True,EUR_USD
PRICE,2023-05-19T03:03:14.817399054Z,"[{'price': '1.07696', 'liquidity': 10000000}]","[{'price': '1.07711', 'liquidity': 10000000}]",1.07696,1.07711,tradeable,True,EUR_USD
PRICE,2023-05-19T03:03:15.200267665Z,"[{'price': '1.07696', 'liquidity': 10000000}]","[{'price': '1.07712', 'liquidity': 10000000}]",1.07696,1.07712,tradeable,True,EUR_USD
PRICE,2023-05-19T03:03:15.333867422Z,"[{'price': '1.07696', 'liquidity': 10000000}]","[{'price': '1.07711', 'liquidity': 10000000}]",1.07696,1.07711,tradeable,True,EUR_USD
PRICE,2023-05-19T03:03:16.931269231Z,"[{'price': '1.07694', 'liquidity': 10000000}]","[{'price': '1.07708', 'liquidity': 10000000}]",1.07694,1.07708,tradeable,True,EUR_USD
PRICE,2023-05-19T03:03:17.326188678Z,"[{'price': '1.07694', 'liquidity': 10000000}]","[{'price': '1.07709', 'liquidity': 10000000}]",1.07694,1.07709,tradeable,True,EUR_USD
PRICE,2023-05-19T03:03:19.458862644Z,"[{'price': '1.07696', 'liquidity': 10000000}]","[{'price': '1.07709', 'liquidity': 10000000}]",1.07696,1.07709,tradeable,True,EUR_USD
PRICE,2023-05-19T03:03:24.452751493Z,"[{'price': '1.07695', 'liquidity': 10000000}]","[{'price': '1.07710', 'liquidity': 10000000}]",1.07695,1.07710,tradeable,True,EUR_USD
PRICE,2023-05-19T03:03:24.876255841Z,"[{'price': '1.07696', 'liquidity': 10000000}]","[{'price': '1.07709', 'liquidity': 10000000}]",1.07696,1.07709,tradeable,True,EUR_USD
PRICE,2023-05-19T03:03:25.230639397Z,"[{'price': '1.07695', 'liquidity': 10000000}]","[{'price': '1.07710', 'liquidity': 10000000}]",1.07695,1.07710,tradeable,True,EUR_USD
PRICE,2023-05-19T03:03:25.510322284Z,"[{'price': '1.07696', 'liquidity': 10000000}]","[{'price': '1.07709', 'liquidity': 10000000}]",1.07696,1.07709,tradeable,True,EUR_USD
PRICE,2023-05-19T03:03:27.334524576Z,"[{'price': '1.07697', 'liquidity': 10000000}]","[{'price': '1.07710', 'liquidity': 10000000}]",1.07697,1.07710,tradeable,True,EUR_USD
PRICE,2023-05-19T03:03:29.101513175Z,"[{'price': '1.07696', 'liquidity': 10000000}]","[{'price': '1.07711', 'liquidity': 10000000}]",1.07696,1.07711,tradeable,True,EUR_USD
PRICE,2023-05-19T03:03:29.517230131Z,"[{'price': '1.07697', 'liquidity': 10000000}]","[{'price': '1.07710', 'liquidity': 10000000}]",1.07697,1.07710,tradeable,True,EUR_USD
PRICE,2023-05-19T03:03:31.131537400Z,"[{'price': '1.07696', 'liquidity': 10000000}]","[{'price': '1.07711', 'liquidity': 10000000}]",1.07696,1.07711,tradeable,True,EUR_USD
PRICE,2023-05-19T03:03:31.895023795Z,"[{'price': '1.07697', 'liquidity': 10000000}]","[{'price': '1.07711', 'liquidity': 10000000}]",1.07697,1.07711,tradeable,True,EUR_USD
PRICE,2023-05-19T03:03:32.237836948Z,"[{'price': '1.07696', 'liquidity': 10000000}]","[{'price': '1.07712', 'liquidity': 10000000}]",1.07696,1.07712,tradeable,True,EUR_USD
PRICE,2023-05-19T03:03:32.562622213Z,"[{'price': '1.07697', 'liquidity': 10000000}]","[{'price': '1.07712', 'liquidity': 10000000}]",1.07697,1.07712,tradeable,True,EUR_USD
PRICE,2023-05-19T03:03:33.132573817Z,"[{'price': '1.07699', 'liquidity': 10000000}]","[{'price': '1.07711', 'liquidity': 10000000}]",1.07699,1.07711,tradeable,True,EUR_USD
PRICE,2023-05-19T03:03:35.263429444Z,"[{'price': '1.07698', 'liquidity': 10000000}]","[{'price': '1.07712', 'liquidity': 10000000}]",1.07698,1.07712,tradeable,True,EUR_USD
PRICE,2023-05-19T03:03:35.454088587Z,"[{'price': '1.07700', 'liquidity': 10000000}]","[{'price': '1.07713', 'liquidity': 10000000}]",1.07700,1.07713,tradeable,True,EUR_USD
PRICE,2023-05-19T03:03:36.171074220Z,"[{'price': '1.07699', 'liquidity': 10000000}]","[{'price': '1.07713', 'liquidity': 10000000}]",1.07699,1.07713,tradeable,True,EUR_USD
PRICE,2023-05-19T03:03:37.413688074Z,"[{'price': '1.07697', 'liquidity': 10000000}]","[{'price': '1.07713', 'liquidity': 10000000}]",1.07697,1.07713,tradeable,True,EUR_USD
PRICE,2023-05-19T03:03:37.737048290Z,"[{'price': '1.07698', 'liquidity': 10000000}]","[{'price': '1.07713', 'liquidity': 10000000}]",1.07698,1.07713,tradeable,True,EUR_USD
PRICE,2023-05-19T03:03:40.110894967Z,"[{'price': '1.07698', 'liquidity': 10000000}]","[{'price': '1.07711', 'liquidity': 10000000}]",1.07698,1.07711,tradeable,True,EUR_USD
PRICE,2023-05-19T03:03:41.594648656Z,"[{'price': '1.07697', 'liquidity': 10000000}]","[{'price': '1.07710', 'liquidity': 10000000}]",1.07697,1.07710,tradeable,True,EUR_USD
PRICE,2023-05-19T03:03:41.752706078Z,"[{'price': '1.07698', 'liquidity': 10000000}]","[{'price': '1.07711', 'liquidity': 10000000}]",1.07698,1.07711,tradeable,True,EUR_USD
PRICE,2023-05-19T03:03:42.052027058Z,"[{'price': '1.07699', 'liquidity': 10000000}]","[{'price': '1.07712', 'liquidity': 10000000}]",1.07699,1.07712,tradeable,True,EUR_USD
PRICE,2023-05-19T03:03:42.395797987Z,"[{'price': '1.07698', 'liquidity': 10000000}]","[{'price': '1.07711', 'liquidity': 10000000}]",1.07698,1.07711,tradeable,True,EUR_USD
PRICE,2023-05-19T03:03:45.171530405Z,"[{'price': '1.07699', 'liquidity': 10000000}]","[{'price': '1.07712', 'liquidity': 10000000}]",1.07699,1.07712,tradeable,True,EUR_USD
PRICE,2023-05-19T03:03:54.275256562Z,"[{'price': '1.07698', 'liquidity': 10000000}]","[{'price': '1.07711', 'liquidity': 10000000}]",1.07698,1.07711,tradeable,True,EUR_USD
PRICE,2023-05-19T03:03:55.265347013Z,"[{'price': '1.07697', 'liquidity': 10000000}]","[{'price': '1.07710', 'liquidity': 10000000}]",1.07697,1.07710,tradeable,True,EUR_USD
PRICE,2023-05-19T03:03:58.050890547Z,"[{'price': '1.07694', 'liquidity': 10000000}]","[{'price': '1.07707', 'liquidity': 10000000}]",1.07694,1.07707,tradeable,True,EUR_USD
PRICE,2023-05-19T03:03:58.176167310Z,"[{'price': '1.07696', 'liquidity': 10000000}]","[{'price': '1.07709', 'liquidity': 10000000}]",1.07696,1.07709,tradeable,True,EUR_USD
PRICE,2023-05-19T03:04:04.665787516Z,"[{'price': '1.07691', 'liquidity': 10000000}]","[{'price': '1.07705', 'liquidity': 10000000}]",1.07691,1.07705,tradeable,True,EUR_USD
PRICE,2023-05-19T03:04:04.909031864Z,"[{'price': '1.07687', 'liquidity': 10000000}]","[{'price': '1.07701', 'liquidity': 10000000}]",1.07687,1.07701,tradeable,True,EUR_USD
PRICE,2023-05-19T03:04:05.125777107Z,"[{'price': '1.07688', 'liquidity': 10000000}]","[{'price': '1.07702', 'liquidity': 10000000}]",1.07688,1.07702,tradeable,True,EUR_USD
PRICE,2023-05-19T03:04:07.170828278Z,"[{'price': '1.07687', 'liquidity': 10000000}]","[{'price': '1.07701', 'liquidity': 10000000}]",1.07687,1.07701,tradeable,True,EUR_USD
PRICE,2023-05-19T03:04:09.167602664Z,"[{'price': '1.07687', 'liquidity': 10000000}]","[{'price': '1.07702', 'liquidity': 10000000}]",1.07687,1.07702,tradeable,True,EUR_USD
PRICE,2023-05-19T03:04:10.249463401Z,"[{'price': '1.07691', 'liquidity': 10000000}]","[{'price': '1.07706', 'liquidity': 10000000}]",1.07691,1.07706,tradeable,True,EUR_USD
PRICE,2023-05-19T03:04:11.373612773Z,"[{'price': '1.07694', 'liquidity': 10000000}]","[{'price': '1.07707', 'liquidity': 10000000}]",1.07694,1.07707,tradeable,True,EUR_USD
PRICE,2023-05-19T03:04:11.648445595Z,"[{'price': '1.07693', 'liquidity': 10000000}]","[{'price': '1.07708', 'liquidity': 10000000}]",1.07693,1.07708,tradeable,True,EUR_USD
PRICE,2023-05-19T03:04:20.289359378Z,"[{'price': '1.07691', 'liquidity': 10000000}]","[{'price': '1.07706', 'liquidity': 10000000}]",1.07691,1.07706,tradeable,True,EUR_USD
PRICE,2023-05-19T03:04:21.730669368Z,"[{'price': '1.07691', 'liquidity': 10000000}]","[{'price': '1.07707', 'liquidity': 10000000}]",1.07691,1.07707,tradeable,True,EUR_USD
PRICE,2023-05-19T03:04:24.081427293Z,"[{'price': '1.07688', 'liquidity': 10000000}]","[{'price': '1.07704', 'liquidity': 10000000}]",1.07688,1.07704,tradeable,True,EUR_USD
PRICE,2023-05-19T03:04:32.369783239Z,"[{'price': '1.07687', 'liquidity': 10000000}]","[{'price': '1.07702', 'liquidity': 10000000}]",1.07687,1.07702,tradeable,True,EUR_USD
PRICE,2023-05-19T03:04:32.438558976Z,"[{'price': '1.07685', 'liquidity': 10000000}]","[{'price': '1.07700', 'liquidity': 10000000}]",1.07685,1.07700,tradeable,True,EUR_USD
PRICE,2023-05-19T03:04:33.747182598Z,"[{'price': '1.07687', 'liquidity': 10000000}]","[{'price': '1.07701', 'liquidity': 10000000}]",1.07687,1.07701,tradeable,True,EUR_USD
PRICE,2023-05-19T03:04:34.084733850Z,"[{'price': '1.07686', 'liquidity': 10000000}]","[{'price': '1.07702', 'liquidity': 10000000}]",1.07686,1.07702,tradeable,True,EUR_USD
PRICE,2023-05-19T03:04:40.693914643Z,"[{'price': '1.07687', 'liquidity': 10000000}]","[{'price': '1.07701', 'liquidity': 10000000}]",1.07687,1.07701,tradeable,True,EUR_USD
PRICE,2023-05-19T03:04:40.908929643Z,"[{'price': '1.07685', 'liquidity': 10000000}]","[{'price': '1.07700', 'liquidity': 10000000}]",1.07685,1.07700,tradeable,True,EUR_USD
PRICE,2023-05-19T03:04:41.687788676Z,"[{'price': '1.07685', 'liquidity': 10000000}]","[{'price': '1.07699', 'liquidity': 10000000}]",1.07685,1.07699,tradeable,True,EUR_USD
PRICE,2023-05-19T03:04:41.940930813Z,"[{'price': '1.07686', 'liquidity': 10000000}]","[{'price': '1.07700', 'liquidity': 10000000}]",1.07686,1.07700,tradeable,True,EUR_USD
PRICE,2023-05-19T03:04:46.947176512Z,"[{'price': '1.07685', 'liquidity': 10000000}]","[{'price': '1.07700', 'liquidity': 10000000}]",1.07685,1.07700,tradeable,True,EUR_USD
PRICE,2023-05-19T03:04:47.317106650Z,"[{'price': '1.07685', 'liquidity': 10000000}]","[{'price': '1.07698', 'liquidity': 10000000}]",1.07685,1.07698,tradeable,True,EUR_USD
PRICE,2023-05-19T03:04:48.386180354Z,"[{'price': '1.07686', 'liquidity': 10000000}]","[{'price': '1.07700', 'liquidity': 10000000}]",1.07686,1.07700,tradeable,True,EUR_USD
PRICE,2023-05-19T03:04:48.583229283Z,"[{'price': '1.07685', 'liquidity': 10000000}]","[{'price': '1.07699', 'liquidity': 10000000}]",1.07685,1.07699,tradeable,True,EUR_USD
PRICE,2023-05-19T03:05:04.870455828Z,"[{'price': '1.07687', 'liquidity': 10000000}]","[{'price': '1.07700', 'liquidity': 10000000}]",1.07687,1.07700,tradeable,True,EUR_USD
PRICE,2023-05-19T03:05:07.810075983Z,"[{'price': '1.07686', 'liquidity': 10000000}]","[{'price': '1.07699', 'liquidity': 10000000}]",1.07686,1.07699,tradeable,True,EUR_USD
PRICE,2023-05-19T03:05:08.289652326Z,"[{'price': '1.07687', 'liquidity': 10000000}]","[{'price': '1.07700', 'liquidity': 10000000}]",1.07687,1.07700,tradeable,True,EUR_USD
PRICE,2023-05-19T03:05:10.312456815Z,"[{'price': '1.07690', 'liquidity': 10000000}]","[{'price': '1.07703', 'liquidity': 10000000}]",1.07690,1.07703,tradeable,True,EUR_USD
PRICE,2023-05-19T03:05:10.366653377Z,"[{'price': '1.07689', 'liquidity': 10000000}]","[{'price': '1.07702', 'liquidity': 10000000}]",1.07689,1.07702,tradeable,True,EUR_USD
PRICE,2023-05-19T03:05:11.269724508Z,"[{'price': '1.07689', 'liquidity': 10000000}]","[{'price': '1.07700', 'liquidity': 10000000}]",1.07689,1.07700,tradeable,True,EUR_USD
PRICE,2023-05-19T03:05:12.359786395Z,"[{'price': '1.07689', 'liquidity': 10000000}]","[{'price': '1.07702', 'liquidity': 10000000}]",1.07689,1.07702,tradeable,True,EUR_USD
PRICE,2023-05-19T03:05:14.154797376Z,"[{'price': '1.07690', 'liquidity': 10000000}]","[{'price': '1.07701', 'liquidity': 10000000}]",1.07690,1.07701,tradeable,True,EUR_USD
PRICE,2023-05-19T03:05:14.365066285Z,"[{'price': '1.07689', 'liquidity': 10000000}]","[{'price': '1.07702', 'liquidity': 10000000}]",1.07689,1.07702,tradeable,True,EUR_USD
PRICE,2023-05-19T03:05:18.808128603Z,"[{'price': '1.07690', 'liquidity': 10000000}]","[{'price': '1.07704', 'liquidity': 10000000}]",1.07690,1.07704,tradeable,True,EUR_USD
PRICE,2023-05-19T03:05:19.052526039Z,"[{'price': '1.07689', 'liquidity': 10000000}]","[{'price': '1.07704', 'liquidity': 10000000}]",1.07689,1.07704,tradeable,True,EUR_USD
PRICE,2023-05-19T03:05:19.374806545Z,"[{'price': '1.07688', 'liquidity': 10000000}]","[{'price': '1.07701', 'liquidity': 10000000}]",1.07688,1.07701,tradeable,True,EUR_USD
PRICE,2023-05-19T03:05:20.689792403Z,"[{'price': '1.07690', 'liquidity': 10000000}]","[{'price': '1.07705', 'liquidity': 10000000}]",1.07690,1.07705,tradeable,True,EUR_USD
PRICE,2023-05-19T03:05:20.901404335Z,"[{'price': '1.07690', 'liquidity': 10000000}]","[{'price': '1.07704', 'liquidity': 10000000}]",1.07690,1.07704,tradeable,True,EUR_USD
PRICE,2023-05-19T03:05:21.194506718Z,"[{'price': '1.07689', 'liquidity': 10000000}]","[{'price': '1.07704', 'liquidity': 10000000}]",1.07689,1.07704,tradeable,True,EUR_USD
PRICE,2023-05-19T03:05:21.266535734Z,"[{'price': '1.07690', 'liquidity': 10000000}]","[{'price': '1.07704', 'liquidity': 10000000}]",1.07690,1.07704,tradeable,True,EUR_USD
PRICE,2023-05-19T03:05:21.555082644Z,"[{'price': '1.07690', 'liquidity': 10000000}]","[{'price': '1.07705', 'liquidity': 10000000}]",1.07690,1.07705,tradeable,True,EUR_USD
PRICE,2023-05-19T03:05:21.810773926Z,"[{'price': '1.07690', 'liquidity': 10000000}]","[{'price': '1.07704', 'liquidity': 10000000}]",1.07690,1.07704,tradeable,True,EUR_USD
PRICE,2023-05-19T03:05:22.462218028Z,"[{'price': '1.07689', 'liquidity': 10000000}]","[{'price': '1.07704', 'liquidity': 10000000}]",1.07689,1.07704,tradeable,True,EUR_USD
PRICE,2023-05-19T03:05:22.953072329Z,"[{'price': '1.07690', 'liquidity': 10000000}]","[{'price': '1.07704', 'liquidity': 10000000}]",1.07690,1.07704,tradeable,True,EUR_USD
PRICE,2023-05-19T03:05:24.869248489Z,"[{'price': '1.07689', 'liquidity': 10000000}]","[{'price': '1.07704', 'liquidity': 10000000}]",1.07689,1.07704,tradeable,True,EUR_USD
PRICE,2023-05-19T03:05:25.180386108Z,"[{'price': '1.07687', 'liquidity': 10000000}]","[{'price': '1.07700', 'liquidity': 10000000}]",1.07687,1.07700,tradeable,True,EUR_USD
PRICE,2023-05-19T03:05:25.391705643Z,"[{'price': '1.07684', 'liquidity': 10000000}]","[{'price': '1.07697', 'liquidity': 10000000}]",1.07684,1.07697,tradeable,True,EUR_USD
PRICE,2023-05-19T03:05:27.100650478Z,"[{'price': '1.07685', 'liquidity': 10000000}]","[{'price': '1.07696', 'liquidity': 10000000}]",1.07685,1.07696,tradeable,True,EUR_USD
PRICE,2023-05-19T03:05:27.336359279Z,"[{'price': '1.07684', 'liquidity': 10000000}]","[{'price': '1.07695', 'liquidity': 10000000}]",1.07684,1.07695,tradeable,True,EUR_USD
PRICE,2023-05-19T03:05:27.527272785Z,"[{'price': '1.07685', 'liquidity': 10000000}]","[{'price': '1.07696', 'liquidity': 10000000}]",1.07685,1.07696,tradeable,True,EUR_USD
PRICE,2023-05-19T03:05:31.759792604Z,"[{'price': '1.07684', 'liquidity': 10000000}]","[{'price': '1.07697', 'liquidity': 10000000}]",1.07684,1.07697,tradeable,True,EUR_USD
PRICE,2023-05-19T03:05:35.826259233Z,"[{'price': '1.07683', 'liquidity': 10000000}]","[{'price': '1.07696', 'liquidity': 10000000}]",1.07683,1.07696,tradeable,True,EUR_USD
PRICE,2023-05-19T03:05:40.815900796Z,"[{'price': '1.07678', 'liquidity': 10000000}]","[{'price': '1.07691', 'liquidity': 10000000}]",1.07678,1.07691,tradeable,True,EUR_USD
PRICE,2023-05-19T03:05:41.927489565Z,"[{'price': '1.07679', 'liquidity': 10000000}]","[{'price': '1.07692', 'liquidity': 10000000}]",1.07679,1.07692,tradeable,True,EUR_USD
PRICE,2023-05-19T03:05:46.897325242Z,"[{'price': '1.07678', 'liquidity': 10000000}]","[{'price': '1.07691', 'liquidity': 10000000}]",1.07678,1.07691,tradeable,True,EUR_USD
PRICE,2023-05-19T03:05:52.582068524Z,"[{'price': '1.07679', 'liquidity': 10000000}]","[{'price': '1.07692', 'liquidity': 10000000}]",1.07679,1.07692,tradeable,True,EUR_USD
PRICE,2023-05-19T03:05:54.188939016Z,"[{'price': '1.07681', 'liquidity': 10000000}]","[{'price': '1.07694', 'liquidity': 10000000}]",1.07681,1.07694,tradeable,True,EUR_USD
PRICE,2023-05-19T03:05:54.942117914Z,"[{'price': '1.07678', 'liquidity': 10000000}]","[{'price': '1.07692', 'liquidity': 10000000}]",1.07678,1.07692,tradeable,True,EUR_USD
PRICE,2023-05-19T03:05:58.431664777Z,"[{'price': '1.07681', 'liquidity': 10000000}]","[{'price': '1.07694', 'liquidity': 10000000}]",1.07681,1.07694,tradeable,True,EUR_USD
PRICE,2023-05-19T03:05:59.948153381Z,"[{'price': '1.07680', 'liquidity': 10000000}]","[{'price': '1.07693', 'liquidity': 10000000}]",1.07680,1.07693,tradeable,True,EUR_USD
PRICE,2023-05-19T03:06:00.303752246Z,"[{'price': '1.07678', 'liquidity': 10000000}]","[{'price': '1.07692', 'liquidity': 10000000}]",1.07678,1.07692,tradeable,True,EUR_USD
PRICE,2023-05-19T03:06:04.354915794Z,"[{'price': '1.07680', 'liquidity': 10000000}]","[{'price': '1.07693', 'liquidity': 10000000}]",1.07680,1.07693,tradeable,True,EUR_USD
PRICE,2023-05-19T03:06:05.255215683Z,"[{'price': '1.07679', 'liquidity': 10000000}]","[{'price': '1.07693', 'liquidity': 10000000}]",1.07679,1.07693,tradeable,True,EUR_USD
PRICE,2023-05-19T03:06:05.636515722Z,"[{'price': '1.07680', 'liquidity': 10000000}]","[{'price': '1.07693', 'liquidity': 10000000}]",1.07680,1.07693,tradeable,True,EUR_USD
PRICE,2023-05-19T03:06:06.602624346Z,"[{'price': '1.07681', 'liquidity': 10000000}]","[{'price': '1.07694', 'liquidity': 10000000}]",1.07681,1.07694,tradeable,True,EUR_USD
PRICE,2023-05-19T03:06:10.339467041Z,"[{'price': '1.07679', 'liquidity': 10000000}]","[{'price': '1.07693', 'liquidity': 10000000}]",1.07679,1.07693,tradeable,True,EUR_USD
PRICE,2023-05-19T03:06:10.794113285Z,"[{'price': '1.07680', 'liquidity': 10000000}]","[{'price': '1.07693', 'liquidity': 10000000}]",1.07680,1.07693,tradeable,True,EUR_USD
PRICE,2023-05-19T03:06:11.530048970Z,"[{'price': '1.07680', 'liquidity': 10000000}]","[{'price': '1.07693', 'liquidity': 10000000}]",1.07680,1.07693,tradeable,True,EUR_USD
PRICE,2023-05-19T03:06:11.703900164Z,"[{'price': '1.07676', 'liquidity': 10000000}]","[{'price': '1.07689', 'liquidity': 10000000}]",1.07676,1.07689,tradeable,True,EUR_USD
PRICE,2023-05-19T03:06:11.939359760Z,"[{'price': '1.07675', 'liquidity': 10000000}]","[{'price': '1.07688', 'liquidity': 10000000}]",1.07675,1.07688,tradeable,True,EUR_USD
PRICE,2023-05-19T03:06:12.354363219Z,"[{'price': '1.07674', 'liquidity': 10000000}]","[{'price': '1.07687', 'liquidity': 10000000}]",1.07674,1.07687,tradeable,True,EUR_USD
PRICE,2023-05-19T03:06:12.817817062Z,"[{'price': '1.07673', 'liquidity': 10000000}]","[{'price': '1.07687', 'liquidity': 10000000}]",1.07673,1.07687,tradeable,True,EUR_USD
PRICE,2023-05-19T03:06:13.371523859Z,"[{'price': '1.07674', 'liquidity': 10000000}]","[{'price': '1.07687', 'liquidity': 10000000}]",1.07674,1.07687,tradeable,True,EUR_USD
PRICE,2023-05-19T03:06:14.333991422Z,"[{'price': '1.07675', 'liquidity': 10000000}]","[{'price': '1.07688', 'liquidity': 10000000}]",1.07675,1.07688,tradeable,True,EUR_USD
PRICE,2023-05-19T03:06:15.146234606Z,"[{'price': '1.07674', 'liquidity': 10000000}]","[{'price': '1.07687', 'liquidity': 10000000}]",1.07674,1.07687,tradeable,True,EUR_USD
PRICE,2023-05-19T03:06:15.602776658Z,"[{'price': '1.07676', 'liquidity': 10000000}]","[{'price': '1.07689', 'liquidity': 10000000}]",1.07676,1.07689,tradeable,True,EUR_USD
PRICE,2023-05-19T03:06:23.891784822Z,"[{'price': '1.07677', 'liquidity': 10000000}]","[{'price': '1.07690', 'liquidity': 10000000}]",1.07677,1.07690,tradeable,True,EUR_USD
PRICE,2023-05-19T03:06:24.471999405Z,"[{'price': '1.07677', 'liquidity': 10000000}]","[{'price': '1.07690', 'liquidity': 10000000}]",1.07677,1.07690,tradeable,True,EUR_USD
PRICE,2023-05-19T03:06:25.103785871Z,"[{'price': '1.07676', 'liquidity': 10000000}]","[{'price': '1.07691', 'liquidity': 10000000}]",1.07676,1.07691,tradeable,True,EUR_USD
PRICE,2023-05-19T03:06:33.161740782Z,"[{'price': '1.07676', 'liquidity': 10000000}]","[{'price': '1.07689', 'liquidity': 10000000}]",1.07676,1.07689,tradeable,True,EUR_USD
PRICE,2023-05-19T03:06:35.714940789Z,"[{'price': '1.07675', 'liquidity': 10000000}]","[{'price': '1.07691', 'liquidity': 10000000}]",1.07675,1.07691,tradeable,True,EUR_USD
PRICE,2023-05-19T03:06:39.239879913Z,"[{'price': '1.07675', 'liquidity': 10000000}]","[{'price': '1.07690', 'liquidity': 10000000}]",1.07675,1.07690,tradeable,True,EUR_USD
PRICE,2023-05-19T03:06:46.624640191Z,"[{'price': '1.07676', 'liquidity': 10000000}]","[{'price': '1.07689', 'liquidity': 10000000}]",1.07676,1.07689,tradeable,True,EUR_USD
PRICE,2023-05-19T03:06:48.961868363Z,"[{'price': '1.07675', 'liquidity': 10000000}]","[{'price': '1.07691', 'liquidity': 10000000}]",1.07675,1.07691,tradeable,True,EUR_USD
PRICE,2023-05-19T03:06:49.746460192Z,"[{'price': '1.07676', 'liquidity': 10000000}]","[{'price': '1.07690', 'liquidity': 10000000}]",1.07676,1.07690,tradeable,True,EUR_USD
PRICE,2023-05-19T03:06:51.404641412Z,"[{'price': '1.07677', 'liquidity': 10000000}]","[{'price': '1.07691', 'liquidity': 10000000}]",1.07677,1.07691,tradeable,True,EUR_USD
PRICE,2023-05-19T03:06:52.338007945Z,"[{'price': '1.07677', 'liquidity': 10000000}]","[{'price': '1.07690', 'liquidity': 10000000}]",1.07677,1.07690,tradeable,True,EUR_USD
PRICE,2023-05-19T03:06:52.525465655Z,"[{'price': '1.07678', 'liquidity': 10000000}]","[{'price': '1.07691', 'liquidity': 10000000}]",1.07678,1.07691,tradeable,True,EUR_USD
PRICE,2023-05-19T03:06:53.827473436Z,"[{'price': '1.07675', 'liquidity': 10000000}]","[{'price': '1.07690', 'liquidity': 10000000}]",1.07675,1.07690,tradeable,True,EUR_USD
PRICE,2023-05-19T03:06:56.911894851Z,"[{'price': '1.07677', 'liquidity': 10000000}]","[{'price': '1.07690', 'liquidity': 10000000}]",1.07677,1.07690,tradeable,True,EUR_USD
PRICE,2023-05-19T03:07:04.010321495Z,"[{'price': '1.07675', 'liquidity': 10000000}]","[{'price': '1.07689', 'liquidity': 10000000}]",1.07675,1.07689,tradeable,True,EUR_USD
PRICE,2023-05-19T03:07:04.196930837Z,"[{'price': '1.07674', 'liquidity': 10000000}]","[{'price': '1.07689', 'liquidity': 10000000}]",1.07674,1.07689,tradeable,True,EUR_USD
PRICE,2023-05-19T03:07:05.213637552Z,"[{'price': '1.07676', 'liquidity': 10000000}]","[{'price': '1.07689', 'liquidity': 10000000}]",1.07676,1.07689,tradeable,True,EUR_USD
PRICE,2023-05-19T03:07:07.999268169Z,"[{'price': '1.07677', 'liquidity': 10000000}]","[{'price': '1.07690', 'liquidity': 10000000}]",1.07677,1.07690,tradeable,True,EUR_USD
PRICE,2023-05-19T03:07:08.266728085Z,"[{'price': '1.07676', 'liquidity': 10000000}]","[{'price': '1.07689', 'liquidity': 10000000}]",1.07676,1.07689,tradeable,True,EUR_USD
PRICE,2023-05-19T03:07:08.384634355Z,"[{'price': '1.07676', 'liquidity': 10000000}]","[{'price': '1.07690', 'liquidity': 10000000}]",1.07676,1.07690,tradeable,True,EUR_USD
PRICE,2023-05-19T03:07:08.825185787Z,"[{'price': '1.07677', 'liquidity': 10000000}]","[{'price': '1.07691', 'liquidity': 10000000}]",1.07677,1.07691,tradeable,True,EUR_USD
PRICE,2023-05-19T03:07:09.295421653Z,"[{'price': '1.07677', 'liquidity': 10000000}]","[{'price': '1.07690', 'liquidity': 10000000}]",1.07677,1.07690,tradeable,True,EUR_USD
PRICE,2023-05-19T03:07:10.608819134Z,"[{'price': '1.07678', 'liquidity': 10000000}]","[{'price': '1.07691', 'liquidity': 10000000}]",1.07678,1.07691,tradeable,True,EUR_USD
PRICE,2023-05-19T03:07:10.956329274Z,"[{'price': '1.07677', 'liquidity': 10000000}]","[{'price': '1.07690', 'liquidity': 10000000}]",1.07677,1.07690,tradeable,True,EUR_USD
PRICE,2023-05-19T03:07:11.416118214Z,"[{'price': '1.07679', 'liquidity': 10000000}]","[{'price': '1.07693', 'liquidity': 10000000}]",1.07679,1.07693,tradeable,True,EUR_USD
PRICE,2023-05-19T03:07:11.616587919Z,"[{'price': '1.07680', 'liquidity': 10000000}]","[{'price': '1.07693', 'liquidity': 10000000}]",1.07680,1.07693,tradeable,True,EUR_USD
PRICE,2023-05-19T03:07:12.987224694Z,"[{'price': '1.07681', 'liquidity': 10000000}]","[{'price': '1.07694', 'liquidity': 10000000}]",1.07681,1.07694,tradeable,True,EUR_USD
PRICE,2023-05-19T03:07:14.237408317Z,"[{'price': '1.07679', 'liquidity': 10000000}]","[{'price': '1.07693', 'liquidity': 10000000}]",1.07679,1.07693,tradeable,True,EUR_USD
PRICE,2023-05-19T03:07:18.921915090Z,"[{'price': '1.07676', 'liquidity': 10000000}]","[{'price': '1.07692', 'liquidity': 10000000}]",1.07676,1.07692,tradeable,True,EUR_USD
PRICE,2023-05-19T03:07:19.404342792Z,"[{'price': '1.07677', 'liquidity': 10000000}]","[{'price': '1.07692', 'liquidity': 10000000}]",1.07677,1.07692,tradeable,True,EUR_USD
PRICE,2023-05-19T03:07:19.941855081Z,"[{'price': '1.07676', 'liquidity': 10000000}]","[{'price': '1.07692', 'liquidity': 10000000}]",1.07676,1.07692,tradeable,True,EUR_USD
PRICE,2023-05-19T03:07:20.131564632Z,"[{'price': '1.07676', 'liquidity': 10000000}]","[{'price': '1.07691', 'liquidity': 10000000}]",1.07676,1.07691,tradeable,True,EUR_USD
PRICE,2023-05-19T03:07:21.953218871Z,"[{'price': '1.07678', 'liquidity': 10000000}]","[{'price': '1.07690', 'liquidity': 10000000}]",1.07678,1.07690,tradeable,True,EUR_USD
PRICE,2023-05-19T03:07:22.671233854Z,"[{'price': '1.07677', 'liquidity': 10000000}]","[{'price': '1.07691', 'liquidity': 10000000}]",1.07677,1.07691,tradeable,True,EUR_USD
PRICE,2023-05-19T03:07:23.216607219Z,"[{'price': '1.07676', 'liquidity': 10000000}]","[{'price': '1.07691', 'liquidity': 10000000}]",1.07676,1.07691,tradeable,True,EUR_USD
PRICE,2023-05-19T03:07:30.560860857Z,"[{'price': '1.07674', 'liquidity': 10000000}]","[{'price': '1.07689', 'liquidity': 10000000}]",1.07674,1.07689,tradeable,True,EUR_USD
PRICE,2023-05-19T03:07:31.325841023Z,"[{'price': '1.07675', 'liquidity': 10000000}]","[{'price': '1.07688', 'liquidity': 10000000}]",1.07675,1.07688,tradeable,True,EUR_USD
PRICE,2023-05-19T03:07:36.387073797Z,"[{'price': '1.07675', 'liquidity': 10000000}]","[{'price': '1.07688', 'liquidity': 10000000}]",1.07675,1.07688,tradeable,True,EUR_USD
PRICE,2023-05-19T03:07:37.338350671Z,"[{'price': '1.07674', 'liquidity': 10000000}]","[{'price': '1.07687', 'liquidity': 10000000}]",1.07674,1.07687,tradeable,True,EUR_USD
PRICE,2023-05-19T03:07:43.326746992Z,"[{'price': '1.07675', 'liquidity': 10000000}]","[{'price': '1.07688', 'liquidity': 10000000}]",1.07675,1.07688,tradeable,True,EUR_USD
PRICE,2023-05-19T03:07:45.326239948Z,"[{'price': '1.07674', 'liquidity': 10000000}]","[{'price': '1.07687', 'liquidity': 10000000}]",1.07674,1.07687,tradeable,True,EUR_USD
PRICE,2023-05-19T03:07:45.830889447Z,"[{'price': '1.07673', 'liquidity': 10000000}]","[{'price': '1.07686', 'liquidity': 10000000}]",1.07673,1.07686,tradeable,True,EUR_USD
PRICE,2023-05-19T03:07:49.904033760Z,"[{'price': '1.07674', 'liquidity': 10000000}]","[{'price': '1.07687', 'liquidity': 10000000}]",1.07674,1.07687,tradeable,True,EUR_USD
PRICE,2023-05-19T03:07:50.041998682Z,"[{'price': '1.07673', 'liquidity': 10000000}]","[{'price': '1.07686', 'liquidity': 10000000}]",1.07673,1.07686,tradeable,True,EUR_USD
PRICE,2023-05-19T03:07:51.157586228Z,"[{'price': '1.07672', 'liquidity': 10000000}]","[{'price': '1.07686', 'liquidity': 10000000}]",1.07672,1.07686,tradeable,True,EUR_USD
PRICE,2023-05-19T03:07:51.279844615Z,"[{'price': '1.07673', 'liquidity': 10000000}]","[{'price': '1.07687', 'liquidity': 10000000}]",1.07673,1.07687,tradeable,True,EUR_USD
PRICE,2023-05-19T03:07:53.775470725Z,"[{'price': '1.07674', 'liquidity': 10000000}]","[{'price': '1.07685', 'liquidity': 10000000}]",1.07674,1.07685,tradeable,True,EUR_USD
PRICE,2023-05-19T03:07:54.293061383Z,"[{'price': '1.07673', 'liquidity': 10000000}]","[{'price': '1.07686', 'liquidity': 10000000}]",1.07673,1.07686,tradeable,True,EUR_USD
PRICE,2023-05-19T03:07:57.982514902Z,"[{'price': '1.07671', 'liquidity': 10000000}]","[{'price': '1.07684', 'liquidity': 10000000}]",1.07671,1.07684,tradeable,True,EUR_USD
PRICE,2023-05-19T03:08:01.331959599Z,"[{'price': '1.07670', 'liquidity': 10000000}]","[{'price': '1.07684', 'liquidity': 10000000}]",1.07670,1.07684,tradeable,True,EUR_USD
PRICE,2023-05-19T03:08:01.622615514Z,"[{'price': '1.07671', 'liquidity': 10000000}]","[{'price': '1.07685', 'liquidity': 10000000}]",1.07671,1.07685,tradeable,True,EUR_USD
PRICE,2023-05-19T03:08:01.941713642Z,"[{'price': '1.07670', 'liquidity': 10000000}]","[{'price': '1.07684', 'liquidity': 10000000}]",1.07670,1.07684,tradeable,True,EUR_USD
PRICE,2023-05-19T03:08:02.203092158Z,"[{'price': '1.07671', 'liquidity': 10000000}]","[{'price': '1.07684', 'liquidity': 10000000}]",1.07671,1.07684,tradeable,True,EUR_USD
PRICE,2023-05-19T03:08:02.396595424Z,"[{'price': '1.07672', 'liquidity': 10000000}]","[{'price': '1.07685', 'liquidity': 10000000}]",1.07672,1.07685,tradeable,True,EUR_USD
PRICE,2023-05-19T03:08:07.224812555Z,"[{'price': '1.07675', 'liquidity': 10000000}]","[{'price': '1.07689', 'liquidity': 10000000}]",1.07675,1.07689,tradeable,True,EUR_USD
PRICE,2023-05-19T03:08:09.241209068Z,"[{'price': '1.07679', 'liquidity': 10000000}]","[{'price': '1.07692', 'liquidity': 10000000}]",1.07679,1.07692,tradeable,True,EUR_USD
PRICE,2023-05-19T03:08:09.291346858Z,"[{'price': '1.07678', 'liquidity': 10000000}]","[{'price': '1.07691', 'liquidity': 10000000}]",1.07678,1.07691,tradeable,True,EUR_USD
PRICE,2023-05-19T03:08:13.921054619Z,"[{'price': '1.07679', 'liquidity': 10000000}]","[{'price': '1.07692', 'liquidity': 10000000}]",1.07679,1.07692,tradeable,True,EUR_USD
PRICE,2023-05-19T03:08:14.121506537Z,"[{'price': '1.07678', 'liquidity': 10000000}]","[{'price': '1.07691', 'liquidity': 10000000}]",1.07678,1.07691,tradeable,True,EUR_USD
PRICE,2023-05-19T03:08:16.561946460Z,"[{'price': '1.07679', 'liquidity': 10000000}]","[{'price': '1.07692', 'liquidity': 10000000}]",1.07679,1.07692,tradeable,True,EUR_USD
PRICE,2023-05-19T03:08:17.642058204Z,"[{'price': '1.07682', 'liquidity': 10000000}]","[{'price': '1.07695', 'liquidity': 10000000}]",1.07682,1.07695,tradeable,True,EUR_USD
PRICE,2023-05-19T03:08:17.852573690Z,"[{'price': '1.07681', 'liquidity': 10000000}]","[{'price': '1.07694', 'liquidity': 10000000}]",1.07681,1.07694,tradeable,True,EUR_USD
PRICE,2023-05-19T03:08:19.179352638Z,"[{'price': '1.07682', 'liquidity': 10000000}]","[{'price': '1.07695', 'liquidity': 10000000}]",1.07682,1.07695,tradeable,True,EUR_USD
PRICE,2023-05-19T03:08:20.330010734Z,"[{'price': '1.07681', 'liquidity': 10000000}]","[{'price': '1.07694', 'liquidity': 10000000}]",1.07681,1.07694,tradeable,True,EUR_USD
PRICE,2023-05-19T03:08:20.750264110Z,"[{'price': '1.07682', 'liquidity': 10000000}]","[{'price': '1.07695', 'liquidity': 10000000}]",1.07682,1.07695,tradeable,True,EUR_USD
PRICE,2023-05-19T03:08:20.988123064Z,"[{'price': '1.07681', 'liquidity': 10000000}]","[{'price': '1.07694', 'liquidity': 10000000}]",1.07681,1.07694,tradeable,True,EUR_USD
PRICE,2023-05-19T03:08:22.910895314Z,"[{'price': '1.07679', 'liquidity': 10000000}]","[{'price': '1.07692', 'liquidity': 10000000}]",1.07679,1.07692,tradeable,True,EUR_USD
PRICE,2023-05-19T03:08:23.086363320Z,"[{'price': '1.07679', 'liquidity': 10000000}]","[{'price': '1.07692', 'liquidity': 10000000}]",1.07679,1.07692,tradeable,True,EUR_USD
PRICE,2023-05-19T03:08:25.967683965Z,"[{'price': '1.07680', 'liquidity': 10000000}]","[{'price': '1.07694', 'liquidity': 10000000}]",1.07680,1.07694,tradeable,True,EUR_USD
PRICE,2023-05-19T03:08:26.027272946Z,"[{'price': '1.07679', 'liquidity': 10000000}]","[{'price': '1.07693', 'liquidity': 10000000}]",1.07679,1.07693,tradeable,True,EUR_USD
PRICE,2023-05-19T03:08:26.511386946Z,"[{'price': '1.07679', 'liquidity': 10000000}]","[{'price': '1.07692', 'liquidity': 10000000}]",1.07679,1.07692,tradeable,True,EUR_USD
PRICE,2023-05-19T03:08:26.725922047Z,"[{'price': '1.07678', 'liquidity': 10000000}]","[{'price': '1.07691', 'liquidity': 10000000}]",1.07678,1.07691,tradeable,True,EUR_USD
PRICE,2023-05-19T03:08:27.666187301Z,"[{'price': '1.07679', 'liquidity': 10000000}]","[{'price': '1.07692', 'liquidity': 10000000}]",1.07679,1.07692,tradeable,True,EUR_USD
PRICE,2023-05-19T03:08:29.278850960Z,"[{'price': '1.07679', 'liquidity': 10000000}]","[{'price': '1.07693', 'liquidity': 10000000}]",1.07679,1.07693,tradeable,True,EUR_USD
PRICE,2023-05-19T03:08:33.282802021Z,"[{'price': '1.07677', 'liquidity': 10000000}]","[{'price': '1.07691', 'liquidity': 10000000}]",1.07677,1.07691,tradeable,True,EUR_USD
PRICE,2023-05-19T03:08:36.377627817Z,"[{'price': '1.07676', 'liquidity': 10000000}]","[{'price': '1.07689', 'liquidity': 10000000}]",1.07676,1.07689,tradeable,True,EUR_USD
PRICE,2023-05-19T03:08:37.195473835Z,"[{'price': '1.07677', 'liquidity': 10000000}]","[{'price': '1.07690', 'liquidity': 10000000}]",1.07677,1.07690,tradeable,True,EUR_USD
PRICE,2023-05-19T03:08:37.828792621Z,"[{'price': '1.07676', 'liquidity': 10000000}]","[{'price': '1.07690', 'liquidity': 10000000}]",1.07676,1.07690,tradeable,True,EUR_USD
PRICE,2023-05-19T03:08:38.173133155Z,"[{'price': '1.07677', 'liquidity': 10000000}]","[{'price': '1.07691', 'liquidity': 10000000}]",1.07677,1.07691,tradeable,True,EUR_USD
PRICE,2023-05-19T03:08:38.297174629Z,"[{'price': '1.07676', 'liquidity': 10000000}]","[{'price': '1.07690', 'liquidity': 10000000}]",1.07676,1.07690,tradeable,True,EUR_USD
PRICE,2023-05-19T03:08:38.590816798Z,"[{'price': '1.07677', 'liquidity': 10000000}]","[{'price': '1.07691', 'liquidity': 10000000}]",1.07677,1.07691,tradeable,True,EUR_USD
PRICE,2023-05-19T03:08:40.612559179Z,"[{'price': '1.07676', 'liquidity': 10000000}]","[{'price': '1.07690', 'liquidity': 10000000}]",1.07676,1.07690,tradeable,True,EUR_USD
PRICE,2023-05-19T03:08:47.243408012Z,"[{'price': '1.07675', 'liquidity': 10000000}]","[{'price': '1.07691', 'liquidity': 10000000}]",1.07675,1.07691,tradeable,True,EUR_USD
PRICE,2023-05-19T03:08:48.259729179Z,"[{'price': '1.07676', 'liquidity': 10000000}]","[{'price': '1.07689', 'liquidity': 10000000}]",1.07676,1.07689,tradeable,True,EUR_USD
PRICE,2023-05-19T03:08:48.510527115Z,"[{'price': '1.07677', 'liquidity': 10000000}]","[{'price': '1.07690', 'liquidity': 10000000}]",1.07677,1.07690,tradeable,True,EUR_USD
PRICE,2023-05-19T03:08:48.826027403Z,"[{'price': '1.07676', 'liquidity': 10000000}]","[{'price': '1.07689', 'liquidity': 10000000}]",1.07676,1.07689,tradeable,True,EUR_USD
PRICE,2023-05-19T03:08:50.390820808Z,"[{'price': '1.07677', 'liquidity': 10000000}]","[{'price': '1.07690', 'liquidity': 10000000}]",1.07677,1.07690,tradeable,True,EUR_USD
PRICE,2023-05-19T03:08:52.341917420Z,"[{'price': '1.07677', 'liquidity': 10000000}]","[{'price': '1.07692', 'liquidity': 10000000}]",1.07677,1.07692,tradeable,True,EUR_USD
PRICE,2023-05-19T03:08:52.920233269Z,"[{'price': '1.07676', 'liquidity': 10000000}]","[{'price': '1.07692', 'liquidity': 10000000}]",1.07676,1.07692,tradeable,True,EUR_USD
PRICE,2023-05-19T03:08:53.121903680Z,"[{'price': '1.07677', 'liquidity': 10000000}]","[{'price': '1.07692', 'liquidity': 10000000}]",1.07677,1.07692,tradeable,True,EUR_USD
PRICE,2023-05-19T03:08:55.109992712Z,"[{'price': '1.07676', 'liquidity': 10000000}]","[{'price': '1.07692', 'liquidity': 10000000}]",1.07676,1.07692,tradeable,True,EUR_USD
PRICE,2023-05-19T03:08:55.173341468Z,"[{'price': '1.07677', 'liquidity': 10000000}]","[{'price': '1.07692', 'liquidity': 10000000}]",1.07677,1.07692,tradeable,True,EUR_USD
PRICE,2023-05-19T03:08:55.395474685Z,"[{'price': '1.07676', 'liquidity': 10000000}]","[{'price': '1.07692', 'liquidity': 10000000}]",1.07676,1.07692,tradeable,True,EUR_USD
PRICE,2023-05-19T03:08:55.666687946Z,"[{'price': '1.07677', 'liquidity': 10000000}]","[{'price': '1.07691', 'liquidity': 10000000}]",1.07677,1.07691,tradeable,True,EUR_USD
PRICE,2023-05-19T03:08:56.216432411Z,"[{'price': '1.07677', 'liquidity': 10000000}]","[{'price': '1.07692', 'liquidity': 10000000}]",1.07677,1.07692,tradeable,True,EUR_USD
PRICE,2023-05-19T03:08:56.934728945Z,"[{'price': '1.07678', 'liquidity': 10000000}]","[{'price': '1.07694', 'liquidity': 10000000}]",1.07678,1.07694,tradeable,True,EUR_USD
PRICE,2023-05-19T03:08:58.831561580Z,"[{'price': '1.07678', 'liquidity': 10000000}]","[{'price': '1.07693', 'liquidity': 10000000}]",1.07678,1.07693,tradeable,True,EUR_USD
PRICE,2023-05-19T03:09:01.574104057Z,"[{'price': '1.07678', 'liquidity': 10000000}]","[{'price': '1.07694', 'liquidity': 10000000}]",1.07678,1.07694,tradeable,True,EUR_USD
PRICE,2023-05-19T03:09:02.066087345Z,"[{'price': '1.07679', 'liquidity': 10000000}]","[{'price': '1.07693', 'liquidity': 10000000}]",1.07679,1.07693,tradeable,True,EUR_USD
PRICE,2023-05-19T03:09:04.456586542Z,"[{'price': '1.07678', 'liquidity': 10000000}]","[{'price': '1.07692', 'liquidity': 10000000}]",1.07678,1.07692,tradeable,True,EUR_USD
PRICE,2023-05-19T03:09:05.040329361Z,"[{'price': '1.07675', 'liquidity': 10000000}]","[{'price': '1.07690', 'liquidity': 10000000}]",1.07675,1.07690,tradeable,True,EUR_USD
PRICE,2023-05-19T03:09:05.332936367Z,"[{'price': '1.07674', 'liquidity': 10000000}]","[{'price': '1.07690', 'liquidity': 10000000}]",1.07674,1.07690,tradeable,True,EUR_USD
PRICE,2023-05-19T03:09:05.553719922Z,"[{'price': '1.07675', 'liquidity': 10000000}]","[{'price': '1.07690', 'liquidity': 10000000}]",1.07675,1.07690,tradeable,True,EUR_USD
PRICE,2023-05-19T03:09:07.288166605Z,"[{'price': '1.07674', 'liquidity': 10000000}]","[{'price': '1.07690', 'liquidity': 10000000}]",1.07674,1.07690,tradeable,True,EUR_USD
PRICE,2023-05-19T03:09:07.661933590Z,"[{'price': '1.07675', 'liquidity': 10000000}]","[{'price': '1.07690', 'liquidity': 10000000}]",1.07675,1.07690,tradeable,True,EUR_USD
PRICE,2023-05-19T03:09:10.143924863Z,"[{'price': '1.07674', 'liquidity': 10000000}]","[{'price': '1.07690', 'liquidity': 10000000}]",1.07674,1.07690,tradeable,True,EUR_USD
PRICE,2023-05-19T03:09:10.602948719Z,"[{'price': '1.07675', 'liquidity': 10000000}]","[{'price': '1.07689', 'liquidity': 10000000}]",1.07675,1.07689,tradeable,True,EUR_USD
PRICE,2023-05-19T03:09:11.437848316Z,"[{'price': '1.07674', 'liquidity': 10000000}]","[{'price': '1.07687', 'liquidity': 10000000}]",1.07674,1.07687,tradeable,True,EUR_USD
PRICE,2023-05-19T03:09:12.119950237Z,"[{'price': '1.07676', 'liquidity': 10000000}]","[{'price': '1.07689', 'liquidity': 10000000}]",1.07676,1.07689,tradeable,True,EUR_USD
PRICE,2023-05-19T03:09:15.967067856Z,"[{'price': '1.07673', 'liquidity': 10000000}]","[{'price': '1.07687', 'liquidity': 10000000}]",1.07673,1.07687,tradeable,True,EUR_USD
PRICE,2023-05-19T03:09:16.126256038Z,"[{'price': '1.07674', 'liquidity': 10000000}]","[{'price': '1.07688', 'liquidity': 10000000}]",1.07674,1.07688,tradeable,True,EUR_USD
PRICE,2023-05-19T03:09:16.988872817Z,"[{'price': '1.07673', 'liquidity': 10000000}]","[{'price': '1.07687', 'liquidity': 10000000}]",1.07673,1.07687,tradeable,True,EUR_USD
PRICE,2023-05-19T03:09:18.092240312Z,"[{'price': '1.07676', 'liquidity': 10000000}]","[{'price': '1.07690', 'liquidity': 10000000}]",1.07676,1.07690,tradeable,True,EUR_USD
PRICE,2023-05-19T03:09:20.760921881Z,"[{'price': '1.07676', 'liquidity': 10000000}]","[{'price': '1.07689', 'liquidity': 10000000}]",1.07676,1.07689,tradeable,True,EUR_USD
PRICE,2023-05-19T03:09:22.841705444Z,"[{'price': '1.07672', 'liquidity': 10000000}]","[{'price': '1.07687', 'liquidity': 10000000}]",1.07672,1.07687,tradeable,True,EUR_USD
PRICE,2023-05-19T03:09:29.049829095Z,"[{'price': '1.07675', 'liquidity': 10000000}]","[{'price': '1.07690', 'liquidity': 10000000}]",1.07675,1.07690,tradeable,True,EUR_USD
PRICE,2023-05-19T03:09:30.901944384Z,"[{'price': '1.07676', 'liquidity': 10000000}]","[{'price': '1.07689', 'liquidity': 10000000}]",1.07676,1.07689,tradeable,True,EUR_USD
PRICE,2023-05-19T03:09:31.651774322Z,"[{'price': '1.07677', 'liquidity': 10000000}]","[{'price': '1.07690', 'liquidity': 10000000}]",1.07677,1.07690,tradeable,True,EUR_USD
PRICE,2023-05-19T03:09:32.085232838Z,"[{'price': '1.07676', 'liquidity': 10000000}]","[{'price': '1.07689', 'liquidity': 10000000}]",1.07676,1.07689,tradeable,True,EUR_USD
PRICE,2023-05-19T03:09:33.177155482Z,"[{'price': '1.07677', 'liquidity': 10000000}]","[{'price': '1.07690', 'liquidity': 10000000}]",1.07677,1.07690,tradeable,True,EUR_USD
PRICE,2023-05-19T03:09:34.105471533Z,"[{'price': '1.07676', 'liquidity': 10000000}]","[{'price': '1.07689', 'liquidity': 10000000}]",1.07676,1.07689,tradeable,True,EUR_USD
PRICE,2023-05-19T03:09:34.936029439Z,"[{'price': '1.07677', 'liquidity': 10000000}]","[{'price': '1.07690', 'liquidity': 10000000}]",1.07677,1.07690,tradeable,True,EUR_USD
PRICE,2023-05-19T03:09:35.377208194Z,"[{'price': '1.07676', 'liquidity': 10000000}]","[{'price': '1.07689', 'liquidity': 10000000}]",1.07676,1.07689,tradeable,True,EUR_USD
PRICE,2023-05-19T03:09:39.688092469Z,"[{'price': '1.07675', 'liquidity': 10000000}]","[{'price': '1.07691', 'liquidity': 10000000}]",1.07675,1.07691,tradeable,True,EUR_USD
PRICE,2023-05-19T03:09:41.755766916Z,"[{'price': '1.07675', 'liquidity': 10000000}]","[{'price': '1.07689', 'liquidity': 10000000}]",1.07675,1.07689,tradeable,True,EUR_USD
PRICE,2023-05-19T03:09:43.775164475Z,"[{'price': '1.07675', 'liquidity': 10000000}]","[{'price': '1.07691', 'liquidity': 10000000}]",1.07675,1.07691,tradeable,True,EUR_USD
PRICE,2023-05-19T03:09:45.936754805Z,"[{'price': '1.07676', 'liquidity': 10000000}]","[{'price': '1.07689', 'liquidity': 10000000}]",1.07676,1.07689,tradeable,True,EUR_USD
PRICE,2023-05-19T03:09:48.039317180Z,"[{'price': '1.07675', 'liquidity': 10000000}]","[{'price': '1.07691', 'liquidity': 10000000}]",1.07675,1.07691,tradeable,True,EUR_USD
PRICE,2023-05-19T03:09:48.584011418Z,"[{'price': '1.07673', 'liquidity': 10000000}]","[{'price': '1.07689', 'liquidity': 10000000}]",1.07673,1.07689,tradeable,True,EUR_USD
PRICE,2023-05-19T03:09:51.222664313Z,"[{'price': '1.07674', 'liquidity': 10000000}]","[{'price': '1.07688', 'liquidity': 10000000}]",1.07674,1.07688,tradeable,True,EUR_USD
PRICE,2023-05-19T03:09:51.395697579Z,"[{'price': '1.07673', 'liquidity': 10000000}]","[{'price': '1.07689', 'liquidity': 10000000}]",1.07673,1.07689,tradeable,True,EUR_USD
PRICE,2023-05-19T03:09:56.063099129Z,"[{'price': '1.07676', 'liquidity': 10000000}]","[{'price': '1.07691', 'liquidity': 10000000}]",1.07676,1.07691,tradeable,True,EUR_USD
PRICE,2023-05-19T03:09:56.578390679Z,"[{'price': '1.07676', 'liquidity': 10000000}]","[{'price': '1.07690', 'liquidity': 10000000}]",1.07676,1.07690,tradeable,True,EUR_USD
PRICE,2023-05-19T03:09:57.202999579Z,"[{'price': '1.07674', 'liquidity': 10000000}]","[{'price': '1.07690', 'liquidity': 10000000}]",1.07674,1.07690,tradeable,True,EUR_USD
PRICE,2023-05-19T03:09:57.422845493Z,"[{'price': '1.07674', 'liquidity': 10000000}]","[{'price': '1.07689', 'liquidity': 10000000}]",1.07674,1.07689,tradeable,True,EUR_USD
PRICE,2023-05-19T03:10:00.261101020Z,"[{'price': '1.07674', 'liquidity': 10000000}]","[{'price': '1.07690', 'liquidity': 10000000}]",1.07674,1.07690,tradeable,True,EUR_USD
PRICE,2023-05-19T03:10:01.091015110Z,"[{'price': '1.07675', 'liquidity': 10000000}]","[{'price': '1.07690', 'liquidity': 10000000}]",1.07675,1.07690,tradeable,True,EUR_USD
PRICE,2023-05-19T03:10:01.506258549Z,"[{'price': '1.07677', 'liquidity': 10000000}]","[{'price': '1.07691', 'liquidity': 10000000}]",1.07677,1.07691,tradeable,True,EUR_USD
PRICE,2023-05-19T03:10:02.257045978Z,"[{'price': '1.07674', 'liquidity': 10000000}]","[{'price': '1.07688', 'liquidity': 10000000}]",1.07674,1.07688,tradeable,True,EUR_USD
PRICE,2023-05-19T03:10:02.469201707Z,"[{'price': '1.07673', 'liquidity': 10000000}]","[{'price': '1.07687', 'liquidity': 10000000}]",1.07673,1.07687,tradeable,True,EUR_USD
PRICE,2023-05-19T03:10:02.894655388Z,"[{'price': '1.07673', 'liquidity': 10000000}]","[{'price': '1.07686', 'liquidity': 10000000}]",1.07673,1.07686,tradeable,True,EUR_USD
PRICE,2023-05-19T03:10:06.527065823Z,"[{'price': '1.07672', 'liquidity': 10000000}]","[{'price': '1.07687', 'liquidity': 10000000}]",1.07672,1.07687,tradeable,True,EUR_USD
PRICE,2023-05-19T03:10:08.447665190Z,"[{'price': '1.07673', 'liquidity': 10000000}]","[{'price': '1.07686', 'liquidity': 10000000}]",1.07673,1.07686,tradeable,True,EUR_USD
PRICE,2023-05-19T03:10:09.491727818Z,"[{'price': '1.07672', 'liquidity': 10000000}]","[{'price': '1.07687', 'liquidity': 10000000}]",1.07672,1.07687,tradeable,True,EUR_USD
PRICE,2023-05-19T03:10:10.288315621Z,"[{'price': '1.07674', 'liquidity': 10000000}]","[{'price': '1.07689', 'liquidity': 10000000}]",1.07674,1.07689,tradeable,True,EUR_USD
PRICE,2023-05-19T03:10:11.377114308Z,"[{'price': '1.07671', 'liquidity': 10000000}]","[{'price': '1.07686', 'liquidity': 10000000}]",1.07671,1.07686,tradeable,True,EUR_USD
PRICE,2023-05-19T03:10:11.603696456Z,"[{'price': '1.07673', 'liquidity': 10000000}]","[{'price': '1.07688', 'liquidity': 10000000}]",1.07673,1.07688,tradeable,True,EUR_USD
PRICE,2023-05-19T03:10:11.830487420Z,"[{'price': '1.07671', 'liquidity': 10000000}]","[{'price': '1.07686', 'liquidity': 10000000}]",1.07671,1.07686,tradeable,True,EUR_USD
PRICE,2023-05-19T03:10:12.130912126Z,"[{'price': '1.07673', 'liquidity': 10000000}]","[{'price': '1.07688', 'liquidity': 10000000}]",1.07673,1.07688,tradeable,True,EUR_USD
PRICE,2023-05-19T03:10:12.327374460Z,"[{'price': '1.07671', 'liquidity': 10000000}]","[{'price': '1.07686', 'liquidity': 10000000}]",1.07671,1.07686,tradeable,True,EUR_USD
PRICE,2023-05-19T03:10:12.749389698Z,"[{'price': '1.07673', 'liquidity': 10000000}]","[{'price': '1.07688', 'liquidity': 10000000}]",1.07673,1.07688,tradeable,True,EUR_USD
PRICE,2023-05-19T03:10:13.730453113Z,"[{'price': '1.07675', 'liquidity': 10000000}]","[{'price': '1.07690', 'liquidity': 10000000}]",1.07675,1.07690,tradeable,True,EUR_USD
PRICE,2023-05-19T03:10:14.312095233Z,"[{'price': '1.07673', 'liquidity': 10000000}]","[{'price': '1.07688', 'liquidity': 10000000}]",1.07673,1.07688,tradeable,True,EUR_USD
PRICE,2023-05-19T03:10:17.265399870Z,"[{'price': '1.07673', 'liquidity': 10000000}]","[{'price': '1.07688', 'liquidity': 10000000}]",1.07673,1.07688,tradeable,True,EUR_USD
PRICE,2023-05-19T03:10:17.317084992Z,"[{'price': '1.07674', 'liquidity': 10000000}]","[{'price': '1.07687', 'liquidity': 10000000}]",1.07674,1.07687,tradeable,True,EUR_USD
PRICE,2023-05-19T03:10:17.758280185Z,"[{'price': '1.07673', 'liquidity': 10000000}]","[{'price': '1.07687', 'liquidity': 10000000}]",1.07673,1.07687,tradeable,True,EUR_USD
PRICE,2023-05-19T03:10:18.146366146Z,"[{'price': '1.07672', 'liquidity': 10000000}]","[{'price': '1.07685', 'liquidity': 10000000}]",1.07672,1.07685,tradeable,True,EUR_USD
PRICE,2023-05-19T03:10:18.935016820Z,"[{'price': '1.07672', 'liquidity': 10000000}]","[{'price': '1.07687', 'liquidity': 10000000}]",1.07672,1.07687,tradeable,True,EUR_USD
PRICE,2023-05-19T03:10:19.894093858Z,"[{'price': '1.07673', 'liquidity': 10000000}]","[{'price': '1.07686', 'liquidity': 10000000}]",1.07673,1.07686,tradeable,True,EUR_USD
PRICE,2023-05-19T03:10:20.218298101Z,"[{'price': '1.07672', 'liquidity': 10000000}]","[{'price': '1.07687', 'liquidity': 10000000}]",1.07672,1.07687,tradeable,True,EUR_USD
PRICE,2023-05-19T03:10:22.866754316Z,"[{'price': '1.07673', 'liquidity': 10000000}]","[{'price': '1.07685', 'liquidity': 10000000}]",1.07673,1.07685,tradeable,True,EUR_USD
PRICE,2023-05-19T03:10:26.390610709Z,"[{'price': '1.07672', 'liquidity': 10000000}]","[{'price': '1.07687', 'liquidity': 10000000}]",1.07672,1.07687,tradeable,True,EUR_USD
PRICE,2023-05-19T03:10:28.356623036Z,"[{'price': '1.07673', 'liquidity': 10000000}]","[{'price': '1.07686', 'liquidity': 10000000}]",1.07673,1.07686,tradeable,True,EUR_USD
PRICE,2023-05-19T03:10:28.976111578Z,"[{'price': '1.07673', 'liquidity': 10000000}]","[{'price': '1.07686', 'liquidity': 10000000}]",1.07673,1.07686,tradeable,True,EUR_USD
PRICE,2023-05-19T03:10:31.996757906Z,"[{'price': '1.07673', 'liquidity': 10000000}]","[{'price': '1.07687', 'liquidity': 10000000}]",1.07673,1.07687,tradeable,True,EUR_USD
PRICE,2023-05-19T03:10:32.262889172Z,"[{'price': '1.07675', 'liquidity': 10000000}]","[{'price': '1.07688', 'liquidity': 10000000}]",1.07675,1.07688,tradeable,True,EUR_USD
PRICE,2023-05-19T03:10:34.347409119Z,"[{'price': '1.07674', 'liquidity': 10000000}]","[{'price': '1.07688', 'liquidity': 10000000}]",1.07674,1.07688,tradeable,True,EUR_USD
PRICE,2023-05-19T03:10:34.931787671Z,"[{'price': '1.07675', 'liquidity': 10000000}]","[{'price': '1.07689', 'liquidity': 10000000}]",1.07675,1.07689,tradeable,True,EUR_USD
PRICE,2023-05-19T03:11:00.212641657Z,"[{'price': '1.07675', 'liquidity': 10000000}]","[{'price': '1.07689', 'liquidity': 10000000}]",1.07675,1.07689,tradeable,True,EUR_USD
PRICE,2023-05-19T03:11:00.507696649Z,"[{'price': '1.07673', 'liquidity': 10000000}]","[{'price': '1.07687', 'liquidity': 10000000}]",1.07673,1.07687,tradeable,True,EUR_USD
PRICE,2023-05-19T03:11:01.882978804Z,"[{'price': '1.07675', 'liquidity': 10000000}]","[{'price': '1.07689', 'liquidity': 10000000}]",1.07675,1.07689,tradeable,True,EUR_USD
PRICE,2023-05-19T03:11:07.124246173Z,"[{'price': '1.07672', 'liquidity': 10000000}]","[{'price': '1.07687', 'liquidity': 10000000}]",1.07672,1.07687,tradeable,True,EUR_USD
PRICE,2023-05-19T03:11:07.173603681Z,"[{'price': '1.07672', 'liquidity': 10000000}]","[{'price': '1.07686', 'liquidity': 10000000}]",1.07672,1.07686,tradeable,True,EUR_USD
PRICE,2023-05-19T03:11:10.816452555Z,"[{'price': '1.07671', 'liquidity': 10000000}]","[{'price': '1.07684', 'liquidity': 10000000}]",1.07671,1.07684,tradeable,True,EUR_USD
PRICE,2023-05-19T03:11:11.236724711Z,"[{'price': '1.07672', 'liquidity': 10000000}]","[{'price': '1.07685', 'liquidity': 10000000}]",1.07672,1.07685,tradeable,True,EUR_USD
PRICE,2023-05-19T03:11:13.014296491Z,"[{'price': '1.07671', 'liquidity': 10000000}]","[{'price': '1.07684', 'liquidity': 10000000}]",1.07671,1.07684,tradeable,True,EUR_USD
PRICE,2023-05-19T03:11:16.442026043Z,"[{'price': '1.07671', 'liquidity': 10000000}]","[{'price': '1.07685', 'liquidity': 10000000}]",1.07671,1.07685,tradeable,True,EUR_USD
PRICE,2023-05-19T03:11:17.183944148Z,"[{'price': '1.07670', 'liquidity': 10000000}]","[{'price': '1.07684', 'liquidity': 10000000}]",1.07670,1.07684,tradeable,True,EUR_USD
PRICE,2023-05-19T03:11:19.432876026Z,"[{'price': '1.07671', 'liquidity': 10000000}]","[{'price': '1.07685', 'liquidity': 10000000}]",1.07671,1.07685,tradeable,True,EUR_USD
PRICE,2023-05-19T03:11:19.919358496Z,"[{'price': '1.07670', 'liquidity': 10000000}]","[{'price': '1.07684', 'liquidity': 10000000}]",1.07670,1.07684,tradeable,True,EUR_USD
PRICE,2023-05-19T03:11:20.049423749Z,"[{'price': '1.07671', 'liquidity': 10000000}]","[{'price': '1.07685', 'liquidity': 10000000}]",1.07671,1.07685,tradeable,True,EUR_USD
PRICE,2023-05-19T03:11:36.563040937Z,"[{'price': '1.07669', 'liquidity': 10000000}]","[{'price': '1.07686', 'liquidity': 10000000}]",1.07669,1.07686,tradeable,True,EUR_USD
PRICE,2023-05-19T03:11:36.768490171Z,"[{'price': '1.07670', 'liquidity': 10000000}]","[{'price': '1.07685', 'liquidity': 10000000}]",1.07670,1.07685,tradeable,True,EUR_USD
PRICE,2023-05-19T03:11:38.728112889Z,"[{'price': '1.07671', 'liquidity': 10000000}]","[{'price': '1.07684', 'liquidity': 10000000}]",1.07671,1.07684,tradeable,True,EUR_USD
PRICE,2023-05-19T03:11:40.563759057Z,"[{'price': '1.07670', 'liquidity': 10000000}]","[{'price': '1.07685', 'liquidity': 10000000}]",1.07670,1.07685,tradeable,True,EUR_USD
PRICE,2023-05-19T03:11:44.088290598Z,"[{'price': '1.07674', 'liquidity': 10000000}]","[{'price': '1.07688', 'liquidity': 10000000}]",1.07674,1.07688,tradeable,True,EUR_USD
PRICE,2023-05-19T03:11:44.359562137Z,"[{'price': '1.07675', 'liquidity': 10000000}]","[{'price': '1.07689', 'liquidity': 10000000}]",1.07675,1.07689,tradeable,True,EUR_USD
PRICE,2023-05-19T03:11:45.351121948Z,"[{'price': '1.07675', 'liquidity': 10000000}]","[{'price': '1.07690', 'liquidity': 10000000}]",1.07675,1.07690,tradeable,True,EUR_USD
PRICE,2023-05-19T03:11:45.699987669Z,"[{'price': '1.07675', 'liquidity': 10000000}]","[{'price': '1.07691', 'liquidity': 10000000}]",1.07675,1.07691,tradeable,True,EUR_USD
PRICE,2023-05-19T03:11:45.782692750Z,"[{'price': '1.07676', 'liquidity': 10000000}]","[{'price': '1.07690', 'liquidity': 10000000}]",1.07676,1.07690,tradeable,True,EUR_USD
PRICE,2023-05-19T03:11:46.634386434Z,"[{'price': '1.07674', 'liquidity': 10000000}]","[{'price': '1.07690', 'liquidity': 10000000}]",1.07674,1.07690,tradeable,True,EUR_USD
PRICE,2023-05-19T03:11:47.041300814Z,"[{'price': '1.07675', 'liquidity': 10000000}]","[{'price': '1.07689', 'liquidity': 10000000}]",1.07675,1.07689,tradeable,True,EUR_USD
PRICE,2023-05-19T03:11:48.584351150Z,"[{'price': '1.07675', 'liquidity': 10000000}]","[{'price': '1.07690', 'liquidity': 10000000}]",1.07675,1.07690,tradeable,True,EUR_USD
PRICE,2023-05-19T03:11:55.821643604Z,"[{'price': '1.07677', 'liquidity': 10000000}]","[{'price': '1.07690', 'liquidity': 10000000}]",1.07677,1.07690,tradeable,True,EUR_USD
PRICE,2023-05-19T03:11:56.020888791Z,"[{'price': '1.07676', 'liquidity': 10000000}]","[{'price': '1.07690', 'liquidity': 10000000}]",1.07676,1.07690,tradeable,True,EUR_USD
PRICE,2023-05-19T03:12:00.043130642Z,"[{'price': '1.07674', 'liquidity': 10000000}]","[{'price': '1.07690', 'liquidity': 10000000}]",1.07674,1.07690,tradeable,True,EUR_USD
PRICE,2023-05-19T03:12:00.249098779Z,"[{'price': '1.07676', 'liquidity': 10000000}]","[{'price': '1.07689', 'liquidity': 10000000}]",1.07676,1.07689,tradeable,True,EUR_USD
PRICE,2023-05-19T03:12:01.769801381Z,"[{'price': '1.07677', 'liquidity': 10000000}]","[{'price': '1.07690', 'liquidity': 10000000}]",1.07677,1.07690,tradeable,True,EUR_USD
PRICE,2023-05-19T03:12:10.199203466Z,"[{'price': '1.07676', 'liquidity': 10000000}]","[{'price': '1.07689', 'liquidity': 10000000}]",1.07676,1.07689,tradeable,True,EUR_USD
PRICE,2023-05-19T03:12:13.211297326Z,"[{'price': '1.07681', 'liquidity': 10000000}]","[{'price': '1.07694', 'liquidity': 10000000}]",1.07681,1.07694,tradeable,True,EUR_USD
PRICE,2023-05-19T03:12:13.426363602Z,"[{'price': '1.07680', 'liquidity': 10000000}]","[{'price': '1.07693', 'liquidity': 10000000}]",1.07680,1.07693,tradeable,True,EUR_USD
PRICE,2023-05-19T03:12:13.668368982Z,"[{'price': '1.07681', 'liquidity': 10000000}]","[{'price': '1.07694', 'liquidity': 10000000}]",1.07681,1.07694,tradeable,True,EUR_USD
PRICE,2023-05-19T03:12:14.811629378Z,"[{'price': '1.07676', 'liquidity': 10000000}]","[{'price': '1.07691', 'liquidity': 10000000}]",1.07676,1.07691,tradeable,True,EUR_USD
PRICE,2023-05-19T03:12:22.061848762Z,"[{'price': '1.07676', 'liquidity': 10000000}]","[{'price': '1.07692', 'liquidity': 10000000}]",1.07676,1.07692,tradeable,True,EUR_USD
PRICE,2023-05-19T03:12:22.327324657Z,"[{'price': '1.07677', 'liquidity': 10000000}]","[{'price': '1.07692', 'liquidity': 10000000}]",1.07677,1.07692,tradeable,True,EUR_USD
PRICE,2023-05-19T03:12:22.778296706Z,"[{'price': '1.07676', 'liquidity': 10000000}]","[{'price': '1.07694', 'liquidity': 10000000}]",1.07676,1.07694,tradeable,True,EUR_USD
PRICE,2023-05-19T03:12:22.992366287Z,"[{'price': '1.07677', 'liquidity': 10000000}]","[{'price': '1.07694', 'liquidity': 10000000}]",1.07677,1.07694,tradeable,True,EUR_USD
PRICE,2023-05-19T03:12:23.333611774Z,"[{'price': '1.07678', 'liquidity': 10000000}]","[{'price': '1.07693', 'liquidity': 10000000}]",1.07678,1.07693,tradeable,True,EUR_USD
PRICE,2023-05-19T03:12:23.512342012Z,"[{'price': '1.07676', 'liquidity': 10000000}]","[{'price': '1.07691', 'liquidity': 10000000}]",1.07676,1.07691,tradeable,True,EUR_USD
PRICE,2023-05-19T03:12:24.697592836Z,"[{'price': '1.07670', 'liquidity': 10000000}]","[{'price': '1.07685', 'liquidity': 10000000}]",1.07670,1.07685,tradeable,True,EUR_USD
PRICE,2023-05-19T03:12:24.949691510Z,"[{'price': '1.07672', 'liquidity': 10000000}]","[{'price': '1.07685', 'liquidity': 10000000}]",1.07672,1.07685,tradeable,True,EUR_USD
PRICE,2023-05-19T03:12:25.310267624Z,"[{'price': '1.07671', 'liquidity': 10000000}]","[{'price': '1.07686', 'liquidity': 10000000}]",1.07671,1.07686,tradeable,True,EUR_USD
PRICE,2023-05-19T03:12:25.893107384Z,"[{'price': '1.07673', 'liquidity': 10000000}]","[{'price': '1.07688', 'liquidity': 10000000}]",1.07673,1.07688,tradeable,True,EUR_USD
PRICE,2023-05-19T03:12:28.197637368Z,"[{'price': '1.07673', 'liquidity': 10000000}]","[{'price': '1.07687', 'liquidity': 10000000}]",1.07673,1.07687,tradeable,True,EUR_USD
PRICE,2023-05-19T03:12:29.260250727Z,"[{'price': '1.07674', 'liquidity': 10000000}]","[{'price': '1.07688', 'liquidity': 10000000}]",1.07674,1.07688,tradeable,True,EUR_USD
PRICE,2023-05-19T03:12:29.934264716Z,"[{'price': '1.07673', 'liquidity': 10000000}]","[{'price': '1.07688', 'liquidity': 10000000}]",1.07673,1.07688,tradeable,True,EUR_USD
PRICE,2023-05-19T03:12:31.700453898Z,"[{'price': '1.07671', 'liquidity': 10000000}]","[{'price': '1.07686', 'liquidity': 10000000}]",1.07671,1.07686,tradeable,True,EUR_USD
PRICE,2023-05-19T03:12:32.124367739Z,"[{'price': '1.07673', 'liquidity': 10000000}]","[{'price': '1.07688', 'liquidity': 10000000}]",1.07673,1.07688,tradeable,True,EUR_USD
PRICE,2023-05-19T03:12:32.585394530Z,"[{'price': '1.07673', 'liquidity': 10000000}]","[{'price': '1.07688', 'liquidity': 10000000}]",1.07673,1.07688,tradeable,True,EUR_USD
PRICE,2023-05-19T03:12:34.288518365Z,"[{'price': '1.07676', 'liquidity': 10000000}]","[{'price': '1.07689', 'liquidity': 10000000}]",1.07676,1.07689,tradeable,True,EUR_USD
PRICE,2023-05-19T03:12:34.508804004Z,"[{'price': '1.07675', 'liquidity': 10000000}]","[{'price': '1.07691', 'liquidity': 10000000}]",1.07675,1.07691,tradeable,True,EUR_USD
PRICE,2023-05-19T03:12:37.543751729Z,"[{'price': '1.07674', 'liquidity': 10000000}]","[{'price': '1.07689', 'liquidity': 10000000}]",1.07674,1.07689,tradeable,True,EUR_USD
PRICE,2023-05-19T03:12:38.934388921Z,"[{'price': '1.07682', 'liquidity': 10000000}]","[{'price': '1.07696', 'liquidity': 10000000}]",1.07682,1.07696,tradeable,True,EUR_USD
PRICE,2023-05-19T03:12:39.942809123Z,"[{'price': '1.07684', 'liquidity': 10000000}]","[{'price': '1.07698', 'liquidity': 10000000}]",1.07684,1.07698,tradeable,True,EUR_USD
PRICE,2023-05-19T03:12:44.682670908Z,"[{'price': '1.07685', 'liquidity': 10000000}]","[{'price': '1.07700', 'liquidity': 10000000}]",1.07685,1.07700,tradeable,True,EUR_USD
PRICE,2023-05-19T03:12:51.403033572Z,"[{'price': '1.07684', 'liquidity': 10000000}]","[{'price': '1.07698', 'liquidity': 10000000}]",1.07684,1.07698,tradeable,True,EUR_USD
PRICE,2023-05-19T03:12:54.717190963Z,"[{'price': '1.07690', 'liquidity': 10000000}]","[{'price': '1.07704', 'liquidity': 10000000}]",1.07690,1.07704,tradeable,True,EUR_USD
PRICE,2023-05-19T03:13:00.811520905Z,"[{'price': '1.07691', 'liquidity': 10000000}]","[{'price': '1.07706', 'liquidity': 10000000}]",1.07691,1.07706,tradeable,True,EUR_USD
PRICE,2023-05-19T03:13:01.354101545Z,"[{'price': '1.07690', 'liquidity': 10000000}]","[{'price': '1.07704', 'liquidity': 10000000}]",1.07690,1.07704,tradeable,True,EUR_USD
PRICE,2023-05-19T03:13:02.109675475Z,"[{'price': '1.07688', 'liquidity': 10000000}]","[{'price': '1.07702', 'liquidity': 10000000}]",1.07688,1.07702,tradeable,True,EUR_USD
PRICE,2023-05-19T03:13:07.710115942Z,"[{'price': '1.07687', 'liquidity': 10000000}]","[{'price': '1.07702', 'liquidity': 10000000}]",1.07687,1.07702,tradeable,True,EUR_USD
PRICE,2023-05-19T03:13:08.204133308Z,"[{'price': '1.07687', 'liquidity': 10000000}]","[{'price': '1.07702', 'liquidity': 10000000}]",1.07687,1.07702,tradeable,True,EUR_USD
PRICE,2023-05-19T03:13:08.370811627Z,"[{'price': '1.07685', 'liquidity': 10000000}]","[{'price': '1.07700', 'liquidity': 10000000}]",1.07685,1.07700,tradeable,True,EUR_USD
PRICE,2023-05-19T03:13:08.502119143Z,"[{'price': '1.07687', 'liquidity': 10000000}]","[{'price': '1.07701', 'liquidity': 10000000}]",1.07687,1.07701,tradeable,True,EUR_USD
PRICE,2023-05-19T03:13:09.371009364Z,"[{'price': '1.07685', 'liquidity': 10000000}]","[{'price': '1.07701', 'liquidity': 10000000}]",1.07685,1.07701,tradeable,True,EUR_USD
PRICE,2023-05-19T03:13:09.616936267Z,"[{'price': '1.07687', 'liquidity': 10000000}]","[{'price': '1.07701', 'liquidity': 10000000}]",1.07687,1.07701,tradeable,True,EUR_USD
PRICE,2023-05-19T03:13:10.729411547Z,"[{'price': '1.07688', 'liquidity': 10000000}]","[{'price': '1.07704', 'liquidity': 10000000}]",1.07688,1.07704,tradeable,True,EUR_USD
PRICE,2023-05-19T03:13:10.972887802Z,"[{'price': '1.07689', 'liquidity': 10000000}]","[{'price': '1.07702', 'liquidity': 10000000}]",1.07689,1.07702,tradeable,True,EUR_USD
PRICE,2023-05-19T03:13:12.595888422Z,"[{'price': '1.07689', 'liquidity': 10000000}]","[{'price': '1.07701', 'liquidity': 10000000}]",1.07689,1.07701,tradeable,True,EUR_USD
PRICE,2023-05-19T03:13:13.850064258Z,"[{'price': '1.07690', 'liquidity': 10000000}]","[{'price': '1.07702', 'liquidity': 10000000}]",1.07690,1.07702,tradeable,True,EUR_USD
PRICE,2023-05-19T03:13:14.470558091Z,"[{'price': '1.07689', 'liquidity': 10000000}]","[{'price': '1.07701', 'liquidity': 10000000}]",1.07689,1.07701,tradeable,True,EUR_USD
PRICE,2023-05-19T03:13:14.711074731Z,"[{'price': '1.07690', 'liquidity': 10000000}]","[{'price': '1.07702', 'liquidity': 10000000}]",1.07690,1.07702,tradeable,True,EUR_USD
PRICE,2023-05-19T03:13:16.065307370Z,"[{'price': '1.07689', 'liquidity': 10000000}]","[{'price': '1.07701', 'liquidity': 10000000}]",1.07689,1.07701,tradeable,True,EUR_USD
PRICE,2023-05-19T03:13:16.306349736Z,"[{'price': '1.07688', 'liquidity': 10000000}]","[{'price': '1.07703', 'liquidity': 10000000}]",1.07688,1.07703,tradeable,True,EUR_USD
PRICE,2023-05-19T03:13:20.284386587Z,"[{'price': '1.07690', 'liquidity': 10000000}]","[{'price': '1.07704', 'liquidity': 10000000}]",1.07690,1.07704,tradeable,True,EUR_USD
PRICE,2023-05-19T03:13:25.048877210Z,"[{'price': '1.07688', 'liquidity': 10000000}]","[{'price': '1.07704', 'liquidity': 10000000}]",1.07688,1.07704,tradeable,True,EUR_USD
PRICE,2023-05-19T03:13:50.898855090Z,"[{'price': '1.07690', 'liquidity': 10000000}]","[{'price': '1.07706', 'liquidity': 10000000}]",1.07690,1.07706,tradeable,True,EUR_USD
PRICE,2023-05-19T03:13:52.217774251Z,"[{'price': '1.07687', 'liquidity': 10000000}]","[{'price': '1.07703', 'liquidity': 10000000}]",1.07687,1.07703,tradeable,True,EUR_USD
PRICE,2023-05-19T03:13:52.523370467Z,"[{'price': '1.07690', 'liquidity': 10000000}]","[{'price': '1.07704', 'liquidity': 10000000}]",1.07690,1.07704,tradeable,True,EUR_USD
PRICE,2023-05-19T03:13:53.642549797Z,"[{'price': '1.07688', 'liquidity': 10000000}]","[{'price': '1.07703', 'liquidity': 10000000}]",1.07688,1.07703,tradeable,True,EUR_USD
PRICE,2023-05-19T03:13:54.437670969Z,"[{'price': '1.07688', 'liquidity': 10000000}]","[{'price': '1.07701', 'liquidity': 10000000}]",1.07688,1.07701,tradeable,True,EUR_USD
PRICE,2023-05-19T03:14:00.771398316Z,"[{'price': '1.07688', 'liquidity': 10000000}]","[{'price': '1.07703', 'liquidity': 10000000}]",1.07688,1.07703,tradeable,True,EUR_USD
PRICE,2023-05-19T03:14:09.210146682Z,"[{'price': '1.07690', 'liquidity': 10000000}]","[{'price': '1.07703', 'liquidity': 10000000}]",1.07690,1.07703,tradeable,True,EUR_USD
PRICE,2023-05-19T03:14:09.615716690Z,"[{'price': '1.07688', 'liquidity': 10000000}]","[{'price': '1.07701', 'liquidity': 10000000}]",1.07688,1.07701,tradeable,True,EUR_USD
PRICE,2023-05-19T03:14:15.687693746Z,"[{'price': '1.07687', 'liquidity': 10000000}]","[{'price': '1.07700', 'liquidity': 10000000}]",1.07687,1.07700,tradeable,True,EUR_USD
PRICE,2023-05-19T03:14:15.999340299Z,"[{'price': '1.07688', 'liquidity': 10000000}]","[{'price': '1.07699', 'liquidity': 10000000}]",1.07688,1.07699,tradeable,True,EUR_USD
PRICE,2023-05-19T03:14:17.769415821Z,"[{'price': '1.07688', 'liquidity': 10000000}]","[{'price': '1.07701', 'liquidity': 10000000}]",1.07688,1.07701,tradeable,True,EUR_USD
PRICE,2023-05-19T03:14:19.464441624Z,"[{'price': '1.07690', 'liquidity': 10000000}]","[{'price': '1.07701', 'liquidity': 10000000}]",1.07690,1.07701,tradeable,True,EUR_USD
PRICE,2023-05-19T03:14:19.883118461Z,"[{'price': '1.07689', 'liquidity': 10000000}]","[{'price': '1.07702', 'liquidity': 10000000}]",1.07689,1.07702,tradeable,True,EUR_USD
PRICE,2023-05-19T03:14:24.991086405Z,"[{'price': '1.07687', 'liquidity': 10000000}]","[{'price': '1.07701', 'liquidity': 10000000}]",1.07687,1.07701,tradeable,True,EUR_USD
PRICE,2023-05-19T03:14:29.361986128Z,"[{'price': '1.07688', 'liquidity': 10000000}]","[{'price': '1.07701', 'liquidity': 10000000}]",1.07688,1.07701,tradeable,True,EUR_USD
PRICE,2023-05-19T03:14:33.956191968Z,"[{'price': '1.07690', 'liquidity': 10000000}]","[{'price': '1.07701', 'liquidity': 10000000}]",1.07690,1.07701,tradeable,True,EUR_USD
PRICE,2023-05-19T03:14:34.270558090Z,"[{'price': '1.07689', 'liquidity': 10000000}]","[{'price': '1.07702', 'liquidity': 10000000}]",1.07689,1.07702,tradeable,True,EUR_USD
PRICE,2023-05-19T03:14:34.525166030Z,"[{'price': '1.07690', 'liquidity': 10000000}]","[{'price': '1.07701', 'liquidity': 10000000}]",1.07690,1.07701,tradeable,True,EUR_USD
PRICE,2023-05-19T03:14:36.347466726Z,"[{'price': '1.07691', 'liquidity': 10000000}]","[{'price': '1.07702', 'liquidity': 10000000}]",1.07691,1.07702,tradeable,True,EUR_USD
PRICE,2023-05-19T03:14:36.625107206Z,"[{'price': '1.07689', 'liquidity': 10000000}]","[{'price': '1.07702', 'liquidity': 10000000}]",1.07689,1.07702,tradeable,True,EUR_USD
PRICE,2023-05-19T03:14:40.419195097Z,"[{'price': '1.07690', 'liquidity': 10000000}]","[{'price': '1.07703', 'liquidity': 10000000}]",1.07690,1.07703,tradeable,True,EUR_USD
PRICE,2023-05-19T03:14:40.705057465Z,"[{'price': '1.07691', 'liquidity': 10000000}]","[{'price': '1.07704', 'liquidity': 10000000}]",1.07691,1.07704,tradeable,True,EUR_USD
PRICE,2023-05-19T03:14:41.449094125Z,"[{'price': '1.07690', 'liquidity': 10000000}]","[{'price': '1.07703', 'liquidity': 10000000}]",1.07690,1.07703,tradeable,True,EUR_USD
PRICE,2023-05-19T03:14:44.266664903Z,"[{'price': '1.07690', 'liquidity': 10000000}]","[{'price': '1.07703', 'liquidity': 10000000}]",1.07690,1.07703,tradeable,True,EUR_USD
PRICE,2023-05-19T03:14:45.817802903Z,"[{'price': '1.07691', 'liquidity': 10000000}]","[{'price': '1.07704', 'liquidity': 10000000}]",1.07691,1.07704,tradeable,True,EUR_USD
PRICE,2023-05-19T03:14:46.644079160Z,"[{'price': '1.07690', 'liquidity': 10000000}]","[{'price': '1.07703', 'liquidity': 10000000}]",1.07690,1.07703,tradeable,True,EUR_USD
PRICE,2023-05-19T03:14:47.354800176Z,"[{'price': '1.07688', 'liquidity': 10000000}]","[{'price': '1.07701', 'liquidity': 10000000}]",1.07688,1.07701,tradeable,True,EUR_USD
PRICE,2023-05-19T03:14:47.646317781Z,"[{'price': '1.07687', 'liquidity': 10000000}]","[{'price': '1.07700', 'liquidity': 10000000}]",1.07687,1.07700,tradeable,True,EUR_USD
PRICE,2023-05-19T03:14:49.807917985Z,"[{'price': '1.07688', 'liquidity': 10000000}]","[{'price': '1.07699', 'liquidity': 10000000}]",1.07688,1.07699,tradeable,True,EUR_USD
PRICE,2023-05-19T03:14:50.768513631Z,"[{'price': '1.07688', 'liquidity': 10000000}]","[{'price': '1.07701', 'liquidity': 10000000}]",1.07688,1.07701,tradeable,True,EUR_USD
PRICE,2023-05-19T03:14:51.670444410Z,"[{'price': '1.07688', 'liquidity': 10000000}]","[{'price': '1.07701', 'liquidity': 10000000}]",1.07688,1.07701,tradeable,True,EUR_USD
PRICE,2023-05-19T03:14:53.981761108Z,"[{'price': '1.07687', 'liquidity': 10000000}]","[{'price': '1.07700', 'liquidity': 10000000}]",1.07687,1.07700,tradeable,True,EUR_USD
PRICE,2023-05-19T03:14:57.458023377Z,"[{'price': '1.07687', 'liquidity': 10000000}]","[{'price': '1.07701', 'liquidity': 10000000}]",1.07687,1.07701,tradeable,True,EUR_USD
PRICE,2023-05-19T03:14:57.516030848Z,"[{'price': '1.07687', 'liquidity': 10000000}]","[{'price': '1.07700', 'liquidity': 10000000}]",1.07687,1.07700,tradeable,True,EUR_USD
PRICE,2023-05-19T03:15:03.712936297Z,"[{'price': '1.07687', 'liquidity': 10000000}]","[{'price': '1.07701', 'liquidity': 10000000}]",1.07687,1.07701,tradeable,True,EUR_USD
PRICE,2023-05-19T03:15:04.090546397Z,"[{'price': '1.07686', 'liquidity': 10000000}]","[{'price': '1.07700', 'liquidity': 10000000}]",1.07686,1.07700,tradeable,True,EUR_USD
PRICE,2023-05-19T03:15:09.163782476Z,"[{'price': '1.07687', 'liquidity': 10000000}]","[{'price': '1.07701', 'liquidity': 10000000}]",1.07687,1.07701,tradeable,True,EUR_USD
PRICE,2023-05-19T03:15:15.566815565Z,"[{'price': '1.07682', 'liquidity': 10000000}]","[{'price': '1.07695', 'liquidity': 10000000}]",1.07682,1.07695,tradeable,True,EUR_USD
PRICE,2023-05-19T03:15:15.620851958Z,"[{'price': '1.07680', 'liquidity': 10000000}]","[{'price': '1.07695', 'liquidity': 10000000}]",1.07680,1.07695,tradeable,True,EUR_USD
PRICE,2023-05-19T03:15:17.189854635Z,"[{'price': '1.07681', 'liquidity': 10000000}]","[{'price': '1.07696', 'liquidity': 10000000}]",1.07681,1.07696,tradeable,True,EUR_USD
PRICE,2023-05-19T03:15:24.083810197Z,"[{'price': '1.07680', 'liquidity': 10000000}]","[{'price': '1.07694', 'liquidity': 10000000}]",1.07680,1.07694,tradeable,True,EUR_USD
PRICE,2023-05-19T03:15:24.427473184Z,"[{'price': '1.07679', 'liquidity': 10000000}]","[{'price': '1.07694', 'liquidity': 10000000}]",1.07679,1.07694,tradeable,True,EUR_USD
PRICE,2023-05-19T03:15:28.546678735Z,"[{'price': '1.07680', 'liquidity': 10000000}]","[{'price': '1.07694', 'liquidity': 10000000}]",1.07680,1.07694,tradeable,True,EUR_USD
PRICE,2023-05-19T03:15:28.852386844Z,"[{'price': '1.07679', 'liquidity': 10000000}]","[{'price': '1.07694', 'liquidity': 10000000}]",1.07679,1.07694,tradeable,True,EUR_USD
PRICE,2023-05-19T03:15:29.372550441Z,"[{'price': '1.07681', 'liquidity': 10000000}]","[{'price': '1.07695', 'liquidity': 10000000}]",1.07681,1.07695,tradeable,True,EUR_USD
PRICE,2023-05-19T03:15:29.747665516Z,"[{'price': '1.07681', 'liquidity': 10000000}]","[{'price': '1.07697', 'liquidity': 10000000}]",1.07681,1.07697,tradeable,True,EUR_USD
PRICE,2023-05-19T03:15:30.257235342Z,"[{'price': '1.07680', 'liquidity': 10000000}]","[{'price': '1.07697', 'liquidity': 10000000}]",1.07680,1.07697,tradeable,True,EUR_USD
PRICE,2023-05-19T03:15:30.569421308Z,"[{'price': '1.07682', 'liquidity': 10000000}]","[{'price': '1.07696', 'liquidity': 10000000}]",1.07682,1.07696,tradeable,True,EUR_USD
PRICE,2023-05-19T03:15:30.838515572Z,"[{'price': '1.07682', 'liquidity': 10000000}]","[{'price': '1.07697', 'liquidity': 10000000}]",1.07682,1.07697,tradeable,True,EUR_USD
PRICE,2023-05-19T03:15:31.071402095Z,"[{'price': '1.07681', 'liquidity': 10000000}]","[{'price': '1.07698', 'liquidity': 10000000}]",1.07681,1.07698,tradeable,True,EUR_USD
PRICE,2023-05-19T03:15:31.433633701Z,"[{'price': '1.07682', 'liquidity': 10000000}]","[{'price': '1.07696', 'liquidity': 10000000}]",1.07682,1.07696,tradeable,True,EUR_USD
PRICE,2023-05-19T03:15:32.202768903Z,"[{'price': '1.07681', 'liquidity': 10000000}]","[{'price': '1.07696', 'liquidity': 10000000}]",1.07681,1.07696,tradeable,True,EUR_USD
PRICE,2023-05-19T03:15:32.520548658Z,"[{'price': '1.07681', 'liquidity': 10000000}]","[{'price': '1.07697', 'liquidity': 10000000}]",1.07681,1.07697,tradeable,True,EUR_USD
PRICE,2023-05-19T03:15:33.891349827Z,"[{'price': '1.07682', 'liquidity': 10000000}]","[{'price': '1.07696', 'liquidity': 10000000}]",1.07682,1.07696,tradeable,True,EUR_USD
PRICE,2023-05-19T03:15:33.997904338Z,"[{'price': '1.07681', 'liquidity': 10000000}]","[{'price': '1.07697', 'liquidity': 10000000}]",1.07681,1.07697,tradeable,True,EUR_USD
PRICE,2023-05-19T03:15:34.360843633Z,"[{'price': '1.07682', 'liquidity': 10000000}]","[{'price': '1.07696', 'liquidity': 10000000}]",1.07682,1.07696,tradeable,True,EUR_USD
PRICE,2023-05-19T03:15:34.692743289Z,"[{'price': '1.07681', 'liquidity': 10000000}]","[{'price': '1.07697', 'liquidity': 10000000}]",1.07681,1.07697,tradeable,True,EUR_USD
PRICE,2023-05-19T03:15:37.199030963Z,"[{'price': '1.07683', 'liquidity': 10000000}]","[{'price': '1.07697', 'liquidity': 10000000}]",1.07683,1.07697,tradeable,True,EUR_USD
PRICE,2023-05-19T03:15:37.748795365Z,"[{'price': '1.07681', 'liquidity': 10000000}]","[{'price': '1.07698', 'liquidity': 10000000}]",1.07681,1.07698,tradeable,True,EUR_USD
PRICE,2023-05-19T03:15:38.109117540Z,"[{'price': '1.07682', 'liquidity': 10000000}]","[{'price': '1.07697', 'liquidity': 10000000}]",1.07682,1.07697,tradeable,True,EUR_USD
PRICE,2023-05-19T03:15:38.409168466Z,"[{'price': '1.07681', 'liquidity': 10000000}]","[{'price': '1.07698', 'liquidity': 10000000}]",1.07681,1.07698,tradeable,True,EUR_USD
PRICE,2023-05-19T03:15:39.193802834Z,"[{'price': '1.07682', 'liquidity': 10000000}]","[{'price': '1.07698', 'liquidity': 10000000}]",1.07682,1.07698,tradeable,True,EUR_USD
PRICE,2023-05-19T03:15:39.623810040Z,"[{'price': '1.07681', 'liquidity': 10000000}]","[{'price': '1.07698', 'liquidity': 10000000}]",1.07681,1.07698,tradeable,True,EUR_USD
PRICE,2023-05-19T03:15:40.629454551Z,"[{'price': '1.07682', 'liquidity': 10000000}]","[{'price': '1.07697', 'liquidity': 10000000}]",1.07682,1.07697,tradeable,True,EUR_USD
PRICE,2023-05-19T03:15:41.260658898Z,"[{'price': '1.07681', 'liquidity': 10000000}]","[{'price': '1.07697', 'liquidity': 10000000}]",1.07681,1.07697,tradeable,True,EUR_USD
PRICE,2023-05-19T03:15:41.412647134Z,"[{'price': '1.07682', 'liquidity': 10000000}]","[{'price': '1.07697', 'liquidity': 10000000}]",1.07682,1.07697,tradeable,True,EUR_USD
PRICE,2023-05-19T03:15:43.597653616Z,"[{'price': '1.07681', 'liquidity': 10000000}]","[{'price': '1.07695', 'liquidity': 10000000}]",1.07681,1.07695,tradeable,True,EUR_USD
PRICE,2023-05-19T03:15:44.127586991Z,"[{'price': '1.07680', 'liquidity': 10000000}]","[{'price': '1.07695', 'liquidity': 10000000}]",1.07680,1.07695,tradeable,True,EUR_USD
PRICE,2023-05-19T03:15:44.616520288Z,"[{'price': '1.07681', 'liquidity': 10000000}]","[{'price': '1.07695', 'liquidity': 10000000}]",1.07681,1.07695,tradeable,True,EUR_USD
